index,drugbank_id
0,DB00006
1,DB00014
2,DB00027
3,DB00035
4,DB00050
5,DB00080
6,DB00091
7,DB00106
8,DB00114
9,DB00115
10,DB00116
11,DB00117
12,DB00118
13,DB00119
14,DB00120
15,DB00121
16,DB00122
17,DB00123
18,DB00125
19,DB00126
20,DB00127
21,DB00128
22,DB00129
23,DB00130
24,DB00131
25,DB00132
26,DB00133
27,DB00134
28,DB00135
29,DB00136
30,DB00137
31,DB00138
32,DB00139
33,DB00140
34,DB00141
35,DB00142
36,DB00143
37,DB00144
38,DB00145
39,DB00146
40,DB00147
41,DB00148
42,DB00149
43,DB00150
44,DB00151
45,DB00152
46,DB00153
47,DB00154
48,DB00155
49,DB00156
50,DB00157
51,DB00158
52,DB00159
53,DB00160
54,DB00161
55,DB00162
56,DB00163
57,DB00165
58,DB00166
59,DB00167
60,DB00168
61,DB00169
62,DB00170
63,DB00171
64,DB00172
65,DB00173
66,DB00174
67,DB00175
68,DB00176
69,DB00177
70,DB00178
71,DB00179
72,DB00180
73,DB00181
74,DB00182
75,DB00183
76,DB00184
77,DB00185
78,DB00186
79,DB00187
80,DB00188
81,DB00189
82,DB00190
83,DB00191
84,DB00192
85,DB00193
86,DB00194
87,DB00195
88,DB00196
89,DB00197
90,DB00198
91,DB00199
92,DB00200
93,DB00201
94,DB00202
95,DB00203
96,DB00204
97,DB00205
98,DB00206
99,DB00207
100,DB00208
101,DB00209
102,DB00210
103,DB00211
104,DB00212
105,DB00213
106,DB00214
107,DB00215
108,DB00216
109,DB00217
110,DB00218
111,DB00219
112,DB00220
113,DB00221
114,DB00222
115,DB00223
116,DB00224
117,DB00225
118,DB00226
119,DB00227
120,DB00228
121,DB00229
122,DB00230
123,DB00231
124,DB00232
125,DB00233
126,DB00234
127,DB00235
128,DB00236
129,DB00237
130,DB00238
131,DB00239
132,DB00240
133,DB00241
134,DB00242
135,DB00243
136,DB00244
137,DB00245
138,DB00246
139,DB00247
140,DB00248
141,DB00249
142,DB00250
143,DB00251
144,DB00252
145,DB00253
146,DB00254
147,DB00255
148,DB00256
149,DB00257
150,DB00258
151,DB00259
152,DB00260
153,DB00261
154,DB00262
155,DB00263
156,DB00264
157,DB00265
158,DB00266
159,DB00267
160,DB00268
161,DB00269
162,DB00270
163,DB00271
164,DB00272
165,DB00273
166,DB00274
167,DB00275
168,DB00276
169,DB00277
170,DB00278
171,DB00279
172,DB00280
173,DB00281
174,DB00282
175,DB00283
176,DB00284
177,DB00285
178,DB00287
179,DB00288
180,DB00289
181,DB00290
182,DB00291
183,DB00292
184,DB00293
185,DB00294
186,DB00295
187,DB00296
188,DB00297
189,DB00298
190,DB00299
191,DB00300
192,DB00301
193,DB00302
194,DB00303
195,DB00304
196,DB00305
197,DB00306
198,DB00307
199,DB00308
200,DB00309
201,DB00310
202,DB00311
203,DB00312
204,DB00313
205,DB00314
206,DB00315
207,DB00316
208,DB00317
209,DB00318
210,DB00319
211,DB00320
212,DB00321
213,DB00322
214,DB00323
215,DB00324
216,DB00325
217,DB00326
218,DB00327
219,DB00328
220,DB00330
221,DB00331
222,DB00332
223,DB00333
224,DB00334
225,DB00335
226,DB00336
227,DB00337
228,DB00338
229,DB00339
230,DB00340
231,DB00341
232,DB00342
233,DB00343
234,DB00344
235,DB00345
236,DB00346
237,DB00347
238,DB00348
239,DB00349
240,DB00350
241,DB00351
242,DB00352
243,DB00353
244,DB00354
245,DB00355
246,DB00356
247,DB00357
248,DB00358
249,DB00359
250,DB00360
251,DB00361
252,DB00363
253,DB00364
254,DB00365
255,DB00366
256,DB00367
257,DB00368
258,DB00369
259,DB00370
260,DB00371
261,DB00372
262,DB00373
263,DB00374
264,DB00376
265,DB00377
266,DB00378
267,DB00379
268,DB00380
269,DB00381
270,DB00382
271,DB00383
272,DB00384
273,DB00385
274,DB00387
275,DB00388
276,DB00389
277,DB00390
278,DB00391
279,DB00392
280,DB00393
281,DB00394
282,DB00395
283,DB00396
284,DB00397
285,DB00398
286,DB00399
287,DB00400
288,DB00401
289,DB00402
290,DB00403
291,DB00404
292,DB00405
293,DB00406
294,DB00408
295,DB00409
296,DB00410
297,DB00411
298,DB00412
299,DB00413
300,DB00414
301,DB00415
302,DB00416
303,DB00417
304,DB00418
305,DB00419
306,DB00420
307,DB00421
308,DB00422
309,DB00423
310,DB00424
311,DB00425
312,DB00426
313,DB00427
314,DB00428
315,DB00429
316,DB00430
317,DB00431
318,DB00432
319,DB00433
320,DB00434
321,DB00435
322,DB00436
323,DB00437
324,DB00438
325,DB00439
326,DB00440
327,DB00441
328,DB00442
329,DB00443
330,DB00444
331,DB00445
332,DB00446
333,DB00447
334,DB00448
335,DB00449
336,DB00450
337,DB00451
338,DB00452
339,DB00453
340,DB00454
341,DB00455
342,DB00456
343,DB00457
344,DB00458
345,DB00459
346,DB00461
347,DB00462
348,DB00463
349,DB00464
350,DB00465
351,DB00466
352,DB00467
353,DB00468
354,DB00469
355,DB00470
356,DB00471
357,DB00472
358,DB00473
359,DB00474
360,DB00475
361,DB00476
362,DB00477
363,DB00478
364,DB00479
365,DB00480
366,DB00481
367,DB00482
368,DB00483
369,DB00484
370,DB00485
371,DB00486
372,DB00487
373,DB00488
374,DB00489
375,DB00490
376,DB00491
377,DB00492
378,DB00493
379,DB00494
380,DB00495
381,DB00496
382,DB00497
383,DB00498
384,DB00499
385,DB00500
386,DB00501
387,DB00502
388,DB00503
389,DB00504
390,DB00505
391,DB00507
392,DB00508
393,DB00509
394,DB00511
395,DB00512
396,DB00513
397,DB00514
398,DB00515
399,DB00517
400,DB00518
401,DB00519
402,DB00520
403,DB00521
404,DB00522
405,DB00523
406,DB00524
407,DB00525
408,DB00526
409,DB00527
410,DB00528
411,DB00529
412,DB00530
413,DB00531
414,DB00532
415,DB00533
416,DB00534
417,DB00535
418,DB00536
419,DB00537
420,DB00538
421,DB00539
422,DB00540
423,DB00541
424,DB00542
425,DB00543
426,DB00544
427,DB00545
428,DB00546
429,DB00547
430,DB00548
431,DB00549
432,DB00550
433,DB00551
434,DB00552
435,DB00553
436,DB00554
437,DB00555
438,DB00556
439,DB00557
440,DB00558
441,DB00559
442,DB00560
443,DB00561
444,DB00562
445,DB00563
446,DB00564
447,DB00565
448,DB00566
449,DB00567
450,DB00568
451,DB00569
452,DB00570
453,DB00571
454,DB00572
455,DB00573
456,DB00574
457,DB00575
458,DB00576
459,DB00577
460,DB00578
461,DB00579
462,DB00580
463,DB00581
464,DB00582
465,DB00583
466,DB00584
467,DB00585
468,DB00586
469,DB00587
470,DB00588
471,DB00589
472,DB00590
473,DB00591
474,DB00592
475,DB00593
476,DB00594
477,DB00595
478,DB00596
479,DB00597
480,DB00598
481,DB00599
482,DB00600
483,DB00601
484,DB00602
485,DB00603
486,DB00604
487,DB00605
488,DB00606
489,DB00607
490,DB00608
491,DB00609
492,DB00610
493,DB00611
494,DB00612
495,DB00613
496,DB00614
497,DB00615
498,DB00616
499,DB00617
500,DB00618
501,DB00619
502,DB00620
503,DB00621
504,DB00622
505,DB00623
506,DB00624
507,DB00625
508,DB00626
509,DB00627
510,DB00628
511,DB00629
512,DB00630
513,DB00631
514,DB00632
515,DB00633
516,DB00634
517,DB00635
518,DB00636
519,DB00637
520,DB00639
521,DB00640
522,DB00641
523,DB00642
524,DB00643
525,DB00645
526,DB00646
527,DB00647
528,DB00648
529,DB00649
530,DB00650
531,DB00651
532,DB00652
533,DB00653
534,DB00654
535,DB00655
536,DB00656
537,DB00657
538,DB00658
539,DB00659
540,DB00660
541,DB00661
542,DB00662
543,DB00663
544,DB00664
545,DB00665
546,DB00666
547,DB00668
548,DB00669
549,DB00670
550,DB00671
551,DB00672
552,DB00673
553,DB00674
554,DB00675
555,DB00676
556,DB00677
557,DB00678
558,DB00679
559,DB00680
560,DB00681
561,DB00682
562,DB00683
563,DB00684
564,DB00685
565,DB00686
566,DB00687
567,DB00688
568,DB00689
569,DB00690
570,DB00691
571,DB00692
572,DB00693
573,DB00694
574,DB00695
575,DB00696
576,DB00697
577,DB00698
578,DB00699
579,DB00700
580,DB00701
581,DB00703
582,DB00704
583,DB00705
584,DB00706
585,DB00708
586,DB00709
587,DB00710
588,DB00711
589,DB00712
590,DB00713
591,DB00714
592,DB00715
593,DB00716
594,DB00717
595,DB00718
596,DB00719
597,DB00720
598,DB00721
599,DB00722
600,DB00723
601,DB00724
602,DB00725
603,DB00726
604,DB00727
605,DB00728
606,DB00730
607,DB00731
608,DB00732
609,DB00733
610,DB00734
611,DB00735
612,DB00736
613,DB00737
614,DB00738
615,DB00739
616,DB00740
617,DB00741
618,DB00742
619,DB00743
620,DB00744
621,DB00745
622,DB00746
623,DB00747
624,DB00748
625,DB00749
626,DB00750
627,DB00751
628,DB00752
629,DB00753
630,DB00754
631,DB00755
632,DB00756
633,DB00757
634,DB00758
635,DB00759
636,DB00760
637,DB00761
638,DB00762
639,DB00763
640,DB00764
641,DB00765
642,DB00766
643,DB00767
644,DB00768
645,DB00769
646,DB00770
647,DB00771
648,DB00772
649,DB00773
650,DB00774
651,DB00775
652,DB00776
653,DB00777
654,DB00778
655,DB00779
656,DB00780
657,DB00782
658,DB00783
659,DB00784
660,DB00786
661,DB00787
662,DB00788
663,DB00789
664,DB00790
665,DB00791
666,DB00792
667,DB00793
668,DB00794
669,DB00795
670,DB00796
671,DB00797
672,DB00798
673,DB00799
674,DB00800
675,DB00801
676,DB00802
677,DB00804
678,DB00805
679,DB00806
680,DB00807
681,DB00808
682,DB00809
683,DB00810
684,DB00811
685,DB00812
686,DB00813
687,DB00814
688,DB00815
689,DB00816
690,DB00817
691,DB00818
692,DB00819
693,DB00820
694,DB00821
695,DB00822
696,DB00823
697,DB00824
698,DB00825
699,DB00826
700,DB00827
701,DB00828
702,DB00829
703,DB00830
704,DB00831
705,DB00832
706,DB00833
707,DB00834
708,DB00835
709,DB00836
710,DB00837
711,DB00838
712,DB00839
713,DB00841
714,DB00842
715,DB00843
716,DB00844
717,DB00845
718,DB00846
719,DB00847
720,DB00848
721,DB00849
722,DB00850
723,DB00851
724,DB00852
725,DB00853
726,DB00854
727,DB00855
728,DB00856
729,DB00857
730,DB00858
731,DB00859
732,DB00860
733,DB00861
734,DB00862
735,DB00863
736,DB00864
737,DB00865
738,DB00866
739,DB00867
740,DB00868
741,DB00869
742,DB00870
743,DB00871
744,DB00872
745,DB00873
746,DB00874
747,DB00875
748,DB00876
749,DB00877
750,DB00878
751,DB00879
752,DB00880
753,DB00881
754,DB00882
755,DB00883
756,DB00884
757,DB00885
758,DB00886
759,DB00887
760,DB00888
761,DB00889
762,DB00890
763,DB00891
764,DB00892
765,DB00894
766,DB00895
767,DB00896
768,DB00897
769,DB00898
770,DB00899
771,DB00900
772,DB00901
773,DB00902
774,DB00903
775,DB00904
776,DB00905
777,DB00906
778,DB00907
779,DB00908
780,DB00909
781,DB00910
782,DB00911
783,DB00912
784,DB00913
785,DB00914
786,DB00915
787,DB00916
788,DB00917
789,DB00918
790,DB00919
791,DB00920
792,DB00921
793,DB00922
794,DB00923
795,DB00924
796,DB00925
797,DB00926
798,DB00927
799,DB00928
800,DB00929
801,DB00931
802,DB00932
803,DB00933
804,DB00934
805,DB00935
806,DB00936
807,DB00937
808,DB00938
809,DB00939
810,DB00940
811,DB00941
812,DB00942
813,DB00943
814,DB00944
815,DB00945
816,DB00946
817,DB00947
818,DB00948
819,DB00949
820,DB00950
821,DB00951
822,DB00952
823,DB00953
824,DB00954
825,DB00955
826,DB00956
827,DB00957
828,DB00958
829,DB00959
830,DB00960
831,DB00961
832,DB00962
833,DB00963
834,DB00964
835,DB00966
836,DB00967
837,DB00968
838,DB00969
839,DB00970
840,DB00971
841,DB00972
842,DB00973
843,DB00974
844,DB00975
845,DB00976
846,DB00977
847,DB00978
848,DB00979
849,DB00980
850,DB00981
851,DB00982
852,DB00983
853,DB00984
854,DB00985
855,DB00986
856,DB00987
857,DB00988
858,DB00989
859,DB00990
860,DB00991
861,DB00992
862,DB00993
863,DB00995
864,DB00996
865,DB00997
866,DB00998
867,DB00999
868,DB01000
869,DB01001
870,DB01002
871,DB01003
872,DB01004
873,DB01005
874,DB01006
875,DB01007
876,DB01008
877,DB01009
878,DB01010
879,DB01011
880,DB01012
881,DB01013
882,DB01014
883,DB01015
884,DB01016
885,DB01017
886,DB01018
887,DB01019
888,DB01020
889,DB01021
890,DB01022
891,DB01023
892,DB01024
893,DB01025
894,DB01026
895,DB01028
896,DB01029
897,DB01030
898,DB01031
899,DB01032
900,DB01033
901,DB01034
902,DB01035
903,DB01036
904,DB01037
905,DB01038
906,DB01039
907,DB01041
908,DB01042
909,DB01043
910,DB01044
911,DB01045
912,DB01046
913,DB01047
914,DB01048
915,DB01050
916,DB01051
917,DB01053
918,DB01054
919,DB01055
920,DB01056
921,DB01057
922,DB01058
923,DB01059
924,DB01060
925,DB01061
926,DB01062
927,DB01063
928,DB01064
929,DB01065
930,DB01066
931,DB01067
932,DB01068
933,DB01069
934,DB01070
935,DB01071
936,DB01072
937,DB01073
938,DB01074
939,DB01075
940,DB01076
941,DB01077
942,DB01078
943,DB01079
944,DB01080
945,DB01081
946,DB01082
947,DB01083
948,DB01084
949,DB01085
950,DB01086
951,DB01087
952,DB01088
953,DB01089
954,DB01090
955,DB01091
956,DB01092
957,DB01093
958,DB01094
959,DB01095
960,DB01096
961,DB01097
962,DB01098
963,DB01099
964,DB01100
965,DB01101
966,DB01102
967,DB01103
968,DB01104
969,DB01105
970,DB01106
971,DB01107
972,DB01108
973,DB01110
974,DB01111
975,DB01112
976,DB01113
977,DB01114
978,DB01115
979,DB01116
980,DB01117
981,DB01118
982,DB01119
983,DB01120
984,DB01121
985,DB01122
986,DB01123
987,DB01124
988,DB01125
989,DB01126
990,DB01127
991,DB01128
992,DB01129
993,DB01130
994,DB01131
995,DB01132
996,DB01133
997,DB01134
998,DB01135
999,DB01136
1000,DB01137
1001,DB01138
1002,DB01139
1003,DB01140
1004,DB01141
1005,DB01142
1006,DB01143
1007,DB01144
1008,DB01145
1009,DB01146
1010,DB01147
1011,DB01148
1012,DB01149
1013,DB01150
1014,DB01151
1015,DB01152
1016,DB01153
1017,DB01154
1018,DB01155
1019,DB01156
1020,DB01157
1021,DB01158
1022,DB01159
1023,DB01160
1024,DB01161
1025,DB01162
1026,DB01163
1027,DB01164
1028,DB01165
1029,DB01166
1030,DB01167
1031,DB01168
1032,DB01169
1033,DB01170
1034,DB01171
1035,DB01172
1036,DB01173
1037,DB01174
1038,DB01175
1039,DB01176
1040,DB01177
1041,DB01178
1042,DB01179
1043,DB01180
1044,DB01181
1045,DB01182
1046,DB01183
1047,DB01184
1048,DB01185
1049,DB01186
1050,DB01187
1051,DB01188
1052,DB01189
1053,DB01190
1054,DB01191
1055,DB01192
1056,DB01193
1057,DB01194
1058,DB01195
1059,DB01196
1060,DB01197
1061,DB01198
1062,DB01199
1063,DB01200
1064,DB01201
1065,DB01202
1066,DB01203
1067,DB01204
1068,DB01205
1069,DB01206
1070,DB01207
1071,DB01208
1072,DB01209
1073,DB01210
1074,DB01211
1075,DB01212
1076,DB01213
1077,DB01214
1078,DB01215
1079,DB01216
1080,DB01217
1081,DB01218
1082,DB01219
1083,DB01220
1084,DB01221
1085,DB01222
1086,DB01223
1087,DB01224
1088,DB01226
1089,DB01227
1090,DB01228
1091,DB01229
1092,DB01230
1093,DB01231
1094,DB01232
1095,DB01233
1096,DB01234
1097,DB01235
1098,DB01236
1099,DB01237
1100,DB01238
1101,DB01239
1102,DB01240
1103,DB01241
1104,DB01242
1105,DB01243
1106,DB01244
1107,DB01245
1108,DB01246
1109,DB01247
1110,DB01248
1111,DB01249
1112,DB01250
1113,DB01251
1114,DB01252
1115,DB01253
1116,DB01254
1117,DB01255
1118,DB01256
1119,DB01259
1120,DB01260
1121,DB01261
1122,DB01262
1123,DB01263
1124,DB01264
1125,DB01265
1126,DB01267
1127,DB01268
1128,DB01273
1129,DB01274
1130,DB01275
1131,DB01278
1132,DB01280
1133,DB01282
1134,DB01283
1135,DB01284
1136,DB01288
1137,DB01289
1138,DB01291
1139,DB01294
1140,DB01295
1141,DB01296
1142,DB01297
1143,DB01298
1144,DB01299
1145,DB01301
1146,DB01303
1147,DB01319
1148,DB01320
1149,DB01321
1150,DB01322
1151,DB01324
1152,DB01325
1153,DB01326
1154,DB01327
1155,DB01328
1156,DB01329
1157,DB01330
1158,DB01331
1159,DB01332
1160,DB01333
1161,DB01336
1162,DB01337
1163,DB01338
1164,DB01339
1165,DB01340
1166,DB01342
1167,DB01345
1168,DB01346
1169,DB01347
1170,DB01348
1171,DB01349
1172,DB01351
1173,DB01352
1174,DB01353
1175,DB01354
1176,DB01355
1177,DB01356
1178,DB01357
1179,DB01359
1180,DB01362
1181,DB01364
1182,DB01365
1183,DB01366
1184,DB01367
1185,DB01369
1186,DB01370
1187,DB01373
1188,DB01375
1189,DB01377
1190,DB01378
1191,DB01380
1192,DB01382
1193,DB01384
1194,DB01388
1195,DB01390
1196,DB01392
1197,DB01393
1198,DB01394
1199,DB01395
1200,DB01396
1201,DB01397
1202,DB01399
1203,DB01400
1204,DB01401
1205,DB01403
1206,DB01405
1207,DB01406
1208,DB01407
1209,DB01408
1210,DB01409
1211,DB01410
1212,DB01411
1213,DB01412
1214,DB01413
1215,DB01414
1216,DB01415
1217,DB01416
1218,DB01418
1219,DB01419
1220,DB01420
1221,DB01421
1222,DB01422
1223,DB01423
1224,DB01424
1225,DB01425
1226,DB01426
1227,DB01427
1228,DB01428
1229,DB01429
1230,DB01430
1231,DB01431
1232,DB01433
1233,DB01434
1234,DB01435
1235,DB01436
1236,DB01437
1237,DB01438
1238,DB01439
1239,DB01440
1240,DB01441
1241,DB01442
1242,DB01443
1243,DB01444
1244,DB01445
1245,DB01446
1246,DB01447
1247,DB01450
1248,DB01451
1249,DB01452
1250,DB01453
1251,DB01454
1252,DB01455
1253,DB01456
1254,DB01458
1255,DB01459
1256,DB01460
1257,DB01461
1258,DB01462
1259,DB01463
1260,DB01464
1261,DB01465
1262,DB01466
1263,DB01467
1264,DB01468
1265,DB01469
1266,DB01470
1267,DB01471
1268,DB01472
1269,DB01473
1270,DB01474
1271,DB01475
1272,DB01476
1273,DB01477
1274,DB01478
1275,DB01479
1276,DB01480
1277,DB01481
1278,DB01482
1279,DB01483
1280,DB01484
1281,DB01485
1282,DB01486
1283,DB01487
1284,DB01488
1285,DB01489
1286,DB01490
1287,DB01491
1288,DB01493
1289,DB01494
1290,DB01495
1291,DB01496
1292,DB01497
1293,DB01498
1294,DB01499
1295,DB01500
1296,DB01501
1297,DB01502
1298,DB01503
1299,DB01505
1300,DB01506
1301,DB01509
1302,DB01511
1303,DB01512
1304,DB01513
1305,DB01514
1306,DB01515
1307,DB01516
1308,DB01518
1309,DB01520
1310,DB01521
1311,DB01522
1312,DB01523
1313,DB01524
1314,DB01525
1315,DB01526
1316,DB01527
1317,DB01528
1318,DB01529
1319,DB01530
1320,DB01531
1321,DB01532
1322,DB01533
1323,DB01534
1324,DB01535
1325,DB01536
1326,DB01537
1327,DB01538
1328,DB01539
1329,DB01540
1330,DB01541
1331,DB01542
1332,DB01543
1333,DB01544
1334,DB01545
1335,DB01546
1336,DB01547
1337,DB01548
1338,DB01549
1339,DB01550
1340,DB01551
1341,DB01552
1342,DB01553
1343,DB01554
1344,DB01555
1345,DB01556
1346,DB01557
1347,DB01558
1348,DB01559
1349,DB01560
1350,DB01561
1351,DB01562
1352,DB01563
1353,DB01564
1354,DB01565
1355,DB01566
1356,DB01567
1357,DB01568
1358,DB01569
1359,DB01570
1360,DB01571
1361,DB01572
1362,DB01573
1363,DB01574
1364,DB01575
1365,DB01576
1366,DB01577
1367,DB01578
1368,DB01579
1369,DB01580
1370,DB01581
1371,DB01582
1372,DB01583
1373,DB01586
1374,DB01587
1375,DB01588
1376,DB01589
1377,DB01590
1378,DB01591
1379,DB01592
1380,DB01593
1381,DB01594
1382,DB01595
1383,DB01597
1384,DB01598
1385,DB01599
1386,DB01600
1387,DB01601
1388,DB01602
1389,DB01603
1390,DB01604
1391,DB01605
1392,DB01606
1393,DB01607
1394,DB01608
1395,DB01609
1396,DB01610
1397,DB01611
1398,DB01612
1399,DB01613
1400,DB01614
1401,DB01615
1402,DB01616
1403,DB01618
1404,DB01619
1405,DB01620
1406,DB01621
1407,DB01622
1408,DB01623
1409,DB01624
1410,DB01625
1411,DB01626
1412,DB01627
1413,DB01628
1414,DB01629
1415,DB01630
1416,DB01631
1417,DB01632
1418,DB01633
1419,DB01634
1420,DB01635
1421,DB01637
1422,DB01638
1423,DB01639
1424,DB01640
1425,DB01641
1426,DB01642
1427,DB01643
1428,DB01644
1429,DB01645
1430,DB01646
1431,DB01647
1432,DB01648
1433,DB01649
1434,DB01650
1435,DB01651
1436,DB01652
1437,DB01655
1438,DB01656
1439,DB01657
1440,DB01658
1441,DB01659
1442,DB01661
1443,DB01662
1444,DB01663
1445,DB01664
1446,DB01665
1447,DB01666
1448,DB01667
1449,DB01668
1450,DB01669
1451,DB01670
1452,DB01671
1453,DB01672
1454,DB01673
1455,DB01674
1456,DB01675
1457,DB01676
1458,DB01677
1459,DB01678
1460,DB01679
1461,DB01681
1462,DB01682
1463,DB01683
1464,DB01684
1465,DB01685
1466,DB01686
1467,DB01687
1468,DB01688
1469,DB01689
1470,DB01690
1471,DB01691
1472,DB01692
1473,DB01694
1474,DB01695
1475,DB01697
1476,DB01698
1477,DB01699
1478,DB01700
1479,DB01701
1480,DB01702
1481,DB01703
1482,DB01704
1483,DB01705
1484,DB01706
1485,DB01707
1486,DB01708
1487,DB01709
1488,DB01710
1489,DB01711
1490,DB01712
1491,DB01713
1492,DB01714
1493,DB01715
1494,DB01716
1495,DB01717
1496,DB01718
1497,DB01719
1498,DB01720
1499,DB01721
1500,DB01723
1501,DB01724
1502,DB01725
1503,DB01726
1504,DB01727
1505,DB01728
1506,DB01729
1507,DB01731
1508,DB01732
1509,DB01733
1510,DB01734
1511,DB01735
1512,DB01736
1513,DB01737
1514,DB01738
1515,DB01739
1516,DB01740
1517,DB01741
1518,DB01742
1519,DB01744
1520,DB01745
1521,DB01746
1522,DB01747
1523,DB01748
1524,DB01749
1525,DB01750
1526,DB01751
1527,DB01752
1528,DB01753
1529,DB01754
1530,DB01755
1531,DB01756
1532,DB01758
1533,DB01759
1534,DB01760
1535,DB01761
1536,DB01762
1537,DB01763
1538,DB01764
1539,DB01765
1540,DB01766
1541,DB01767
1542,DB01768
1543,DB01771
1544,DB01772
1545,DB01773
1546,DB01774
1547,DB01775
1548,DB01776
1549,DB01777
1550,DB01778
1551,DB01779
1552,DB01780
1553,DB01782
1554,DB01783
1555,DB01784
1556,DB01785
1557,DB01786
1558,DB01788
1559,DB01789
1560,DB01790
1561,DB01791
1562,DB01792
1563,DB01793
1564,DB01794
1565,DB01795
1566,DB01796
1567,DB01797
1568,DB01798
1569,DB01799
1570,DB01800
1571,DB01802
1572,DB01803
1573,DB01804
1574,DB01805
1575,DB01806
1576,DB01807
1577,DB01808
1578,DB01809
1579,DB01810
1580,DB01811
1581,DB01812
1582,DB01813
1583,DB01814
1584,DB01815
1585,DB01816
1586,DB01817
1587,DB01818
1588,DB01819
1589,DB01820
1590,DB01821
1591,DB01822
1592,DB01823
1593,DB01824
1594,DB01825
1595,DB01826
1596,DB01827
1597,DB01828
1598,DB01829
1599,DB01830
1600,DB01831
1601,DB01832
1602,DB01833
1603,DB01834
1604,DB01835
1605,DB01836
1606,DB01837
1607,DB01838
1608,DB01839
1609,DB01840
1610,DB01841
1611,DB01842
1612,DB01843
1613,DB01844
1614,DB01846
1615,DB01847
1616,DB01849
1617,DB01850
1618,DB01851
1619,DB01852
1620,DB01853
1621,DB01854
1622,DB01855
1623,DB01856
1624,DB01857
1625,DB01858
1626,DB01859
1627,DB01860
1628,DB01861
1629,DB01862
1630,DB01863
1631,DB01864
1632,DB01865
1633,DB01866
1634,DB01868
1635,DB01870
1636,DB01871
1637,DB01872
1638,DB01873
1639,DB01874
1640,DB01875
1641,DB01876
1642,DB01877
1643,DB01878
1644,DB01879
1645,DB01880
1646,DB01881
1647,DB01882
1648,DB01883
1649,DB01884
1650,DB01885
1651,DB01887
1652,DB01888
1653,DB01889
1654,DB01890
1655,DB01891
1656,DB01892
1657,DB01893
1658,DB01895
1659,DB01896
1660,DB01897
1661,DB01898
1662,DB01899
1663,DB01901
1664,DB01902
1665,DB01903
1666,DB01905
1667,DB01906
1668,DB01908
1669,DB01909
1670,DB01910
1671,DB01911
1672,DB01912
1673,DB01914
1674,DB01915
1675,DB01917
1676,DB01918
1677,DB01919
1678,DB01920
1679,DB01921
1680,DB01922
1681,DB01923
1682,DB01924
1683,DB01925
1684,DB01926
1685,DB01927
1686,DB01930
1687,DB01931
1688,DB01932
1689,DB01933
1690,DB01934
1691,DB01935
1692,DB01936
1693,DB01937
1694,DB01938
1695,DB01939
1696,DB01940
1697,DB01941
1698,DB01942
1699,DB01944
1700,DB01945
1701,DB01946
1702,DB01947
1703,DB01948
1704,DB01949
1705,DB01950
1706,DB01951
1707,DB01952
1708,DB01953
1709,DB01954
1710,DB01955
1711,DB01956
1712,DB01957
1713,DB01958
1714,DB01959
1715,DB01960
1716,DB01961
1717,DB01962
1718,DB01963
1719,DB01964
1720,DB01965
1721,DB01966
1722,DB01967
1723,DB01968
1724,DB01969
1725,DB01970
1726,DB01971
1727,DB01972
1728,DB01973
1729,DB01974
1730,DB01975
1731,DB01976
1732,DB01977
1733,DB01978
1734,DB01979
1735,DB01980
1736,DB01981
1737,DB01982
1738,DB01983
1739,DB01984
1740,DB01985
1741,DB01986
1742,DB01987
1743,DB01988
1744,DB01989
1745,DB01990
1746,DB01991
1747,DB01992
1748,DB01993
1749,DB01994
1750,DB01995
1751,DB01996
1752,DB01997
1753,DB01998
1754,DB01999
1755,DB02001
1756,DB02002
1757,DB02004
1758,DB02005
1759,DB02006
1760,DB02007
1761,DB02008
1762,DB02009
1763,DB02010
1764,DB02011
1765,DB02013
1766,DB02014
1767,DB02015
1768,DB02016
1769,DB02017
1770,DB02018
1771,DB02019
1772,DB02020
1773,DB02021
1774,DB02022
1775,DB02023
1776,DB02024
1777,DB02025
1778,DB02026
1779,DB02027
1780,DB02028
1781,DB02029
1782,DB02030
1783,DB02031
1784,DB02032
1785,DB02033
1786,DB02034
1787,DB02035
1788,DB02036
1789,DB02037
1790,DB02038
1791,DB02039
1792,DB02041
1793,DB02042
1794,DB02043
1795,DB02044
1796,DB02045
1797,DB02046
1798,DB02047
1799,DB02048
1800,DB02049
1801,DB02051
1802,DB02052
1803,DB02053
1804,DB02054
1805,DB02055
1806,DB02056
1807,DB02057
1808,DB02058
1809,DB02059
1810,DB02060
1811,DB02061
1812,DB02062
1813,DB02063
1814,DB02065
1815,DB02066
1816,DB02067
1817,DB02068
1818,DB02069
1819,DB02070
1820,DB02071
1821,DB02072
1822,DB02073
1823,DB02074
1824,DB02075
1825,DB02076
1826,DB02077
1827,DB02078
1828,DB02079
1829,DB02080
1830,DB02081
1831,DB02082
1832,DB02083
1833,DB02084
1834,DB02085
1835,DB02086
1836,DB02087
1837,DB02088
1838,DB02089
1839,DB02090
1840,DB02091
1841,DB02092
1842,DB02093
1843,DB02094
1844,DB02095
1845,DB02096
1846,DB02097
1847,DB02098
1848,DB02099
1849,DB02100
1850,DB02101
1851,DB02102
1852,DB02103
1853,DB02104
1854,DB02105
1855,DB02106
1856,DB02107
1857,DB02108
1858,DB02109
1859,DB02110
1860,DB02111
1861,DB02112
1862,DB02113
1863,DB02114
1864,DB02115
1865,DB02116
1866,DB02118
1867,DB02119
1868,DB02120
1869,DB02121
1870,DB02122
1871,DB02123
1872,DB02124
1873,DB02125
1874,DB02126
1875,DB02127
1876,DB02128
1877,DB02129
1878,DB02130
1879,DB02131
1880,DB02132
1881,DB02133
1882,DB02134
1883,DB02135
1884,DB02136
1885,DB02137
1886,DB02138
1887,DB02139
1888,DB02140
1889,DB02141
1890,DB02142
1891,DB02143
1892,DB02144
1893,DB02145
1894,DB02146
1895,DB02147
1896,DB02148
1897,DB02151
1898,DB02152
1899,DB02153
1900,DB02154
1901,DB02155
1902,DB02156
1903,DB02158
1904,DB02159
1905,DB02160
1906,DB02161
1907,DB02162
1908,DB02163
1909,DB02164
1910,DB02165
1911,DB02166
1912,DB02167
1913,DB02168
1914,DB02169
1915,DB02170
1916,DB02172
1917,DB02173
1918,DB02174
1919,DB02175
1920,DB02176
1921,DB02177
1922,DB02178
1923,DB02179
1924,DB02180
1925,DB02181
1926,DB02182
1927,DB02183
1928,DB02184
1929,DB02185
1930,DB02186
1931,DB02187
1932,DB02188
1933,DB02189
1934,DB02190
1935,DB02191
1936,DB02192
1937,DB02194
1938,DB02195
1939,DB02196
1940,DB02197
1941,DB02198
1942,DB02199
1943,DB02200
1944,DB02201
1945,DB02202
1946,DB02203
1947,DB02205
1948,DB02207
1949,DB02209
1950,DB02210
1951,DB02211
1952,DB02213
1953,DB02214
1954,DB02215
1955,DB02216
1956,DB02217
1957,DB02218
1958,DB02219
1959,DB02220
1960,DB02221
1961,DB02222
1962,DB02223
1963,DB02224
1964,DB02225
1965,DB02226
1966,DB02227
1967,DB02228
1968,DB02229
1969,DB02230
1970,DB02232
1971,DB02233
1972,DB02234
1973,DB02235
1974,DB02236
1975,DB02237
1976,DB02238
1977,DB02239
1978,DB02240
1979,DB02241
1980,DB02242
1981,DB02243
1982,DB02245
1983,DB02247
1984,DB02248
1985,DB02249
1986,DB02251
1987,DB02252
1988,DB02253
1989,DB02254
1990,DB02255
1991,DB02256
1992,DB02257
1993,DB02258
1994,DB02259
1995,DB02260
1996,DB02261
1997,DB02262
1998,DB02263
1999,DB02264
2000,DB02265
2001,DB02266
2002,DB02267
2003,DB02268
2004,DB02269
2005,DB02270
2006,DB02271
2007,DB02272
2008,DB02273
2009,DB02274
2010,DB02275
2011,DB02276
2012,DB02277
2013,DB02278
2014,DB02279
2015,DB02280
2016,DB02281
2017,DB02282
2018,DB02283
2019,DB02285
2020,DB02286
2021,DB02287
2022,DB02288
2023,DB02289
2024,DB02290
2025,DB02292
2026,DB02293
2027,DB02294
2028,DB02295
2029,DB02296
2030,DB02297
2031,DB02298
2032,DB02299
2033,DB02300
2034,DB02301
2035,DB02302
2036,DB02303
2037,DB02304
2038,DB02305
2039,DB02306
2040,DB02307
2041,DB02308
2042,DB02309
2043,DB02310
2044,DB02311
2045,DB02312
2046,DB02313
2047,DB02314
2048,DB02315
2049,DB02316
2050,DB02317
2051,DB02318
2052,DB02319
2053,DB02320
2054,DB02321
2055,DB02322
2056,DB02323
2057,DB02324
2058,DB02325
2059,DB02326
2060,DB02327
2061,DB02328
2062,DB02329
2063,DB02331
2064,DB02332
2065,DB02333
2066,DB02334
2067,DB02335
2068,DB02336
2069,DB02337
2070,DB02338
2071,DB02339
2072,DB02340
2073,DB02341
2074,DB02342
2075,DB02343
2076,DB02345
2077,DB02346
2078,DB02347
2079,DB02348
2080,DB02349
2081,DB02350
2082,DB02352
2083,DB02353
2084,DB02354
2085,DB02355
2086,DB02356
2087,DB02357
2088,DB02358
2089,DB02359
2090,DB02360
2091,DB02361
2092,DB02362
2093,DB02363
2094,DB02364
2095,DB02365
2096,DB02366
2097,DB02367
2098,DB02368
2099,DB02369
2100,DB02370
2101,DB02371
2102,DB02372
2103,DB02373
2104,DB02374
2105,DB02375
2106,DB02376
2107,DB02377
2108,DB02378
2109,DB02379
2110,DB02380
2111,DB02381
2112,DB02382
2113,DB02383
2114,DB02384
2115,DB02385
2116,DB02386
2117,DB02388
2118,DB02390
2119,DB02391
2120,DB02393
2121,DB02394
2122,DB02395
2123,DB02396
2124,DB02397
2125,DB02398
2126,DB02399
2127,DB02400
2128,DB02401
2129,DB02402
2130,DB02403
2131,DB02404
2132,DB02405
2133,DB02406
2134,DB02407
2135,DB02408
2136,DB02409
2137,DB02410
2138,DB02411
2139,DB02412
2140,DB02413
2141,DB02414
2142,DB02415
2143,DB02416
2144,DB02417
2145,DB02418
2146,DB02419
2147,DB02420
2148,DB02421
2149,DB02422
2150,DB02423
2151,DB02424
2152,DB02425
2153,DB02426
2154,DB02427
2155,DB02428
2156,DB02429
2157,DB02430
2158,DB02431
2159,DB02432
2160,DB02433
2161,DB02434
2162,DB02435
2163,DB02436
2164,DB02437
2165,DB02438
2166,DB02441
2167,DB02442
2168,DB02443
2169,DB02445
2170,DB02446
2171,DB02447
2172,DB02448
2173,DB02449
2174,DB02450
2175,DB02451
2176,DB02452
2177,DB02453
2178,DB02454
2179,DB02455
2180,DB02456
2181,DB02457
2182,DB02458
2183,DB02459
2184,DB02460
2185,DB02461
2186,DB02462
2187,DB02463
2188,DB02464
2189,DB02465
2190,DB02466
2191,DB02467
2192,DB02468
2193,DB02469
2194,DB02470
2195,DB02471
2196,DB02472
2197,DB02473
2198,DB02474
2199,DB02475
2200,DB02477
2201,DB02479
2202,DB02480
2203,DB02481
2204,DB02482
2205,DB02483
2206,DB02484
2207,DB02485
2208,DB02486
2209,DB02488
2210,DB02489
2211,DB02490
2212,DB02491
2213,DB02492
2214,DB02493
2215,DB02494
2216,DB02495
2217,DB02496
2218,DB02497
2219,DB02498
2220,DB02499
2221,DB02500
2222,DB02501
2223,DB02502
2224,DB02503
2225,DB02504
2226,DB02505
2227,DB02506
2228,DB02508
2229,DB02509
2230,DB02510
2231,DB02511
2232,DB02512
2233,DB02513
2234,DB02514
2235,DB02515
2236,DB02516
2237,DB02517
2238,DB02518
2239,DB02519
2240,DB02520
2241,DB02521
2242,DB02522
2243,DB02523
2244,DB02524
2245,DB02525
2246,DB02526
2247,DB02527
2248,DB02528
2249,DB02529
2250,DB02530
2251,DB02531
2252,DB02532
2253,DB02534
2254,DB02535
2255,DB02536
2256,DB02537
2257,DB02538
2258,DB02540
2259,DB02541
2260,DB02542
2261,DB02543
2262,DB02544
2263,DB02545
2264,DB02546
2265,DB02547
2266,DB02548
2267,DB02549
2268,DB02550
2269,DB02551
2270,DB02552
2271,DB02553
2272,DB02554
2273,DB02555
2274,DB02556
2275,DB02557
2276,DB02558
2277,DB02559
2278,DB02560
2279,DB02561
2280,DB02562
2281,DB02563
2282,DB02565
2283,DB02566
2284,DB02567
2285,DB02568
2286,DB02569
2287,DB02570
2288,DB02571
2289,DB02572
2290,DB02573
2291,DB02576
2292,DB02577
2293,DB02578
2294,DB02579
2295,DB02580
2296,DB02581
2297,DB02582
2298,DB02583
2299,DB02585
2300,DB02586
2301,DB02587
2302,DB02588
2303,DB02589
2304,DB02590
2305,DB02591
2306,DB02592
2307,DB02593
2308,DB02594
2309,DB02595
2310,DB02596
2311,DB02597
2312,DB02598
2313,DB02599
2314,DB02600
2315,DB02601
2316,DB02602
2317,DB02603
2318,DB02604
2319,DB02606
2320,DB02607
2321,DB02608
2322,DB02609
2323,DB02610
2324,DB02611
2325,DB02613
2326,DB02614
2327,DB02615
2328,DB02616
2329,DB02617
2330,DB02618
2331,DB02619
2332,DB02620
2333,DB02621
2334,DB02622
2335,DB02623
2336,DB02624
2337,DB02625
2338,DB02626
2339,DB02627
2340,DB02628
2341,DB02629
2342,DB02630
2343,DB02632
2344,DB02633
2345,DB02635
2346,DB02636
2347,DB02637
2348,DB02639
2349,DB02640
2350,DB02641
2351,DB02642
2352,DB02643
2353,DB02644
2354,DB02645
2355,DB02646
2356,DB02647
2357,DB02648
2358,DB02649
2359,DB02650
2360,DB02651
2361,DB02652
2362,DB02654
2363,DB02655
2364,DB02656
2365,DB02657
2366,DB02658
2367,DB02659
2368,DB02660
2369,DB02661
2370,DB02662
2371,DB02663
2372,DB02664
2373,DB02665
2374,DB02666
2375,DB02668
2376,DB02669
2377,DB02670
2378,DB02671
2379,DB02673
2380,DB02674
2381,DB02675
2382,DB02676
2383,DB02677
2384,DB02678
2385,DB02679
2386,DB02680
2387,DB02681
2388,DB02683
2389,DB02684
2390,DB02685
2391,DB02686
2392,DB02688
2393,DB02689
2394,DB02690
2395,DB02691
2396,DB02693
2397,DB02694
2398,DB02695
2399,DB02696
2400,DB02697
2401,DB02698
2402,DB02699
2403,DB02700
2404,DB02701
2405,DB02702
2406,DB02703
2407,DB02704
2408,DB02705
2409,DB02706
2410,DB02707
2411,DB02709
2412,DB02710
2413,DB02711
2414,DB02712
2415,DB02713
2416,DB02714
2417,DB02715
2418,DB02716
2419,DB02717
2420,DB02719
2421,DB02720
2422,DB02721
2423,DB02722
2424,DB02723
2425,DB02724
2426,DB02725
2427,DB02726
2428,DB02727
2429,DB02728
2430,DB02729
2431,DB02730
2432,DB02731
2433,DB02732
2434,DB02733
2435,DB02734
2436,DB02735
2437,DB02736
2438,DB02738
2439,DB02740
2440,DB02741
2441,DB02742
2442,DB02743
2443,DB02744
2444,DB02745
2445,DB02746
2446,DB02747
2447,DB02749
2448,DB02750
2449,DB02751
2450,DB02752
2451,DB02753
2452,DB02754
2453,DB02755
2454,DB02756
2455,DB02757
2456,DB02758
2457,DB02759
2458,DB02760
2459,DB02761
2460,DB02762
2461,DB02763
2462,DB02765
2463,DB02766
2464,DB02767
2465,DB02768
2466,DB02770
2467,DB02772
2468,DB02773
2469,DB02774
2470,DB02776
2471,DB02777
2472,DB02778
2473,DB02779
2474,DB02780
2475,DB02781
2476,DB02783
2477,DB02784
2478,DB02785
2479,DB02786
2480,DB02787
2481,DB02788
2482,DB02789
2483,DB02790
2484,DB02792
2485,DB02793
2486,DB02794
2487,DB02795
2488,DB02796
2489,DB02797
2490,DB02798
2491,DB02799
2492,DB02800
2493,DB02801
2494,DB02802
2495,DB02803
2496,DB02804
2497,DB02805
2498,DB02806
2499,DB02807
2500,DB02808
2501,DB02809
2502,DB02810
2503,DB02811
2504,DB02812
2505,DB02813
2506,DB02814
2507,DB02816
2508,DB02817
2509,DB02818
2510,DB02819
2511,DB02821
2512,DB02822
2513,DB02823
2514,DB02824
2515,DB02825
2516,DB02827
2517,DB02828
2518,DB02829
2519,DB02830
2520,DB02831
2521,DB02832
2522,DB02833
2523,DB02834
2524,DB02835
2525,DB02836
2526,DB02837
2527,DB02838
2528,DB02839
2529,DB02840
2530,DB02841
2531,DB02842
2532,DB02843
2533,DB02844
2534,DB02845
2535,DB02846
2536,DB02847
2537,DB02848
2538,DB02849
2539,DB02850
2540,DB02851
2541,DB02852
2542,DB02853
2543,DB02854
2544,DB02855
2545,DB02856
2546,DB02857
2547,DB02858
2548,DB02859
2549,DB02860
2550,DB02861
2551,DB02862
2552,DB02864
2553,DB02865
2554,DB02866
2555,DB02867
2556,DB02868
2557,DB02869
2558,DB02870
2559,DB02871
2560,DB02872
2561,DB02873
2562,DB02875
2563,DB02876
2564,DB02877
2565,DB02878
2566,DB02879
2567,DB02880
2568,DB02881
2569,DB02882
2570,DB02883
2571,DB02884
2572,DB02885
2573,DB02887
2574,DB02888
2575,DB02889
2576,DB02890
2577,DB02891
2578,DB02892
2579,DB02893
2580,DB02894
2581,DB02895
2582,DB02896
2583,DB02897
2584,DB02898
2585,DB02899
2586,DB02900
2587,DB02901
2588,DB02902
2589,DB02903
2590,DB02904
2591,DB02905
2592,DB02906
2593,DB02907
2594,DB02908
2595,DB02909
2596,DB02910
2597,DB02911
2598,DB02912
2599,DB02914
2600,DB02915
2601,DB02916
2602,DB02917
2603,DB02918
2604,DB02919
2605,DB02920
2606,DB02921
2607,DB02922
2608,DB02923
2609,DB02924
2610,DB02925
2611,DB02927
2612,DB02928
2613,DB02929
2614,DB02930
2615,DB02931
2616,DB02932
2617,DB02933
2618,DB02934
2619,DB02935
2620,DB02936
2621,DB02937
2622,DB02938
2623,DB02940
2624,DB02941
2625,DB02942
2626,DB02943
2627,DB02945
2628,DB02946
2629,DB02947
2630,DB02948
2631,DB02949
2632,DB02950
2633,DB02951
2634,DB02952
2635,DB02953
2636,DB02954
2637,DB02955
2638,DB02956
2639,DB02957
2640,DB02958
2641,DB02959
2642,DB02960
2643,DB02961
2644,DB02962
2645,DB02963
2646,DB02964
2647,DB02965
2648,DB02966
2649,DB02967
2650,DB02968
2651,DB02969
2652,DB02970
2653,DB02971
2654,DB02972
2655,DB02973
2656,DB02974
2657,DB02975
2658,DB02976
2659,DB02977
2660,DB02978
2661,DB02979
2662,DB02980
2663,DB02981
2664,DB02982
2665,DB02983
2666,DB02984
2667,DB02985
2668,DB02986
2669,DB02987
2670,DB02988
2671,DB02989
2672,DB02990
2673,DB02991
2674,DB02992
2675,DB02993
2676,DB02994
2677,DB02995
2678,DB02996
2679,DB02998
2680,DB02999
2681,DB03000
2682,DB03001
2683,DB03002
2684,DB03003
2685,DB03004
2686,DB03005
2687,DB03006
2688,DB03007
2689,DB03008
2690,DB03009
2691,DB03010
2692,DB03011
2693,DB03012
2694,DB03013
2695,DB03015
2696,DB03016
2697,DB03017
2698,DB03018
2699,DB03019
2700,DB03020
2701,DB03021
2702,DB03022
2703,DB03023
2704,DB03024
2705,DB03025
2706,DB03026
2707,DB03028
2708,DB03030
2709,DB03031
2710,DB03032
2711,DB03033
2712,DB03034
2713,DB03035
2714,DB03037
2715,DB03038
2716,DB03039
2717,DB03040
2718,DB03041
2719,DB03042
2720,DB03043
2721,DB03044
2722,DB03045
2723,DB03046
2724,DB03047
2725,DB03048
2726,DB03049
2727,DB03051
2728,DB03052
2729,DB03053
2730,DB03054
2731,DB03056
2732,DB03057
2733,DB03058
2734,DB03059
2735,DB03060
2736,DB03061
2737,DB03062
2738,DB03063
2739,DB03064
2740,DB03065
2741,DB03066
2742,DB03067
2743,DB03068
2744,DB03069
2745,DB03070
2746,DB03071
2747,DB03072
2748,DB03073
2749,DB03074
2750,DB03075
2751,DB03076
2752,DB03077
2753,DB03078
2754,DB03079
2755,DB03081
2756,DB03082
2757,DB03083
2758,DB03084
2759,DB03085
2760,DB03086
2761,DB03087
2762,DB03088
2763,DB03090
2764,DB03091
2765,DB03092
2766,DB03093
2767,DB03094
2768,DB03095
2769,DB03096
2770,DB03097
2771,DB03098
2772,DB03099
2773,DB03100
2774,DB03101
2775,DB03102
2776,DB03103
2777,DB03104
2778,DB03105
2779,DB03106
2780,DB03107
2781,DB03108
2782,DB03109
2783,DB03110
2784,DB03111
2785,DB03112
2786,DB03113
2787,DB03114
2788,DB03115
2789,DB03116
2790,DB03117
2791,DB03118
2792,DB03120
2793,DB03121
2794,DB03124
2795,DB03125
2796,DB03126
2797,DB03127
2798,DB03128
2799,DB03129
2800,DB03130
2801,DB03132
2802,DB03133
2803,DB03134
2804,DB03135
2805,DB03136
2806,DB03137
2807,DB03138
2808,DB03139
2809,DB03140
2810,DB03141
2811,DB03142
2812,DB03143
2813,DB03144
2814,DB03145
2815,DB03146
2816,DB03147
2817,DB03148
2818,DB03150
2819,DB03151
2820,DB03152
2821,DB03153
2822,DB03154
2823,DB03155
2824,DB03156
2825,DB03157
2826,DB03158
2827,DB03159
2828,DB03160
2829,DB03161
2830,DB03162
2831,DB03163
2832,DB03164
2833,DB03165
2834,DB03166
2835,DB03167
2836,DB03168
2837,DB03169
2838,DB03170
2839,DB03171
2840,DB03172
2841,DB03173
2842,DB03174
2843,DB03175
2844,DB03176
2845,DB03177
2846,DB03178
2847,DB03179
2848,DB03180
2849,DB03181
2850,DB03182
2851,DB03183
2852,DB03184
2853,DB03185
2854,DB03186
2855,DB03187
2856,DB03189
2857,DB03190
2858,DB03191
2859,DB03192
2860,DB03193
2861,DB03194
2862,DB03195
2863,DB03196
2864,DB03197
2865,DB03198
2866,DB03199
2867,DB03200
2868,DB03201
2869,DB03202
2870,DB03203
2871,DB03204
2872,DB03205
2873,DB03206
2874,DB03207
2875,DB03208
2876,DB03209
2877,DB03210
2878,DB03211
2879,DB03212
2880,DB03213
2881,DB03214
2882,DB03215
2883,DB03216
2884,DB03217
2885,DB03218
2886,DB03219
2887,DB03220
2888,DB03221
2889,DB03222
2890,DB03223
2891,DB03224
2892,DB03225
2893,DB03226
2894,DB03227
2895,DB03228
2896,DB03229
2897,DB03230
2898,DB03231
2899,DB03232
2900,DB03233
2901,DB03234
2902,DB03235
2903,DB03236
2904,DB03237
2905,DB03238
2906,DB03239
2907,DB03240
2908,DB03241
2909,DB03242
2910,DB03243
2911,DB03244
2912,DB03245
2913,DB03246
2914,DB03247
2915,DB03248
2916,DB03249
2917,DB03250
2918,DB03251
2919,DB03252
2920,DB03253
2921,DB03254
2922,DB03255
2923,DB03256
2924,DB03257
2925,DB03258
2926,DB03259
2927,DB03260
2928,DB03262
2929,DB03263
2930,DB03264
2931,DB03266
2932,DB03267
2933,DB03268
2934,DB03269
2935,DB03270
2936,DB03272
2937,DB03273
2938,DB03274
2939,DB03275
2940,DB03276
2941,DB03277
2942,DB03278
2943,DB03279
2944,DB03280
2945,DB03281
2946,DB03283
2947,DB03284
2948,DB03285
2949,DB03286
2950,DB03287
2951,DB03288
2952,DB03289
2953,DB03290
2954,DB03291
2955,DB03292
2956,DB03293
2957,DB03294
2958,DB03295
2959,DB03296
2960,DB03297
2961,DB03298
2962,DB03299
2963,DB03300
2964,DB03301
2965,DB03302
2966,DB03303
2967,DB03304
2968,DB03305
2969,DB03306
2970,DB03307
2971,DB03308
2972,DB03309
2973,DB03310
2974,DB03311
2975,DB03312
2976,DB03313
2977,DB03314
2978,DB03315
2979,DB03316
2980,DB03317
2981,DB03318
2982,DB03319
2983,DB03320
2984,DB03321
2985,DB03322
2986,DB03323
2987,DB03325
2988,DB03326
2989,DB03327
2990,DB03328
2991,DB03329
2992,DB03330
2993,DB03331
2994,DB03332
2995,DB03333
2996,DB03335
2997,DB03336
2998,DB03337
2999,DB03338
3000,DB03339
3001,DB03340
3002,DB03341
3003,DB03342
3004,DB03343
3005,DB03344
3006,DB03345
3007,DB03346
3008,DB03347
3009,DB03348
3010,DB03349
3011,DB03350
3012,DB03351
3013,DB03352
3014,DB03353
3015,DB03354
3016,DB03355
3017,DB03357
3018,DB03358
3019,DB03359
3020,DB03360
3021,DB03361
3022,DB03362
3023,DB03363
3024,DB03364
3025,DB03365
3026,DB03366
3027,DB03367
3028,DB03368
3029,DB03369
3030,DB03370
3031,DB03371
3032,DB03372
3033,DB03373
3034,DB03374
3035,DB03376
3036,DB03379
3037,DB03380
3038,DB03381
3039,DB03382
3040,DB03383
3041,DB03384
3042,DB03385
3043,DB03386
3044,DB03387
3045,DB03388
3046,DB03389
3047,DB03390
3048,DB03391
3049,DB03392
3050,DB03393
3051,DB03394
3052,DB03395
3053,DB03396
3054,DB03397
3055,DB03399
3056,DB03400
3057,DB03401
3058,DB03402
3059,DB03403
3060,DB03405
3061,DB03406
3062,DB03407
3063,DB03408
3064,DB03409
3065,DB03410
3066,DB03411
3067,DB03412
3068,DB03413
3069,DB03414
3070,DB03415
3071,DB03416
3072,DB03417
3073,DB03418
3074,DB03419
3075,DB03420
3076,DB03421
3077,DB03422
3078,DB03423
3079,DB03424
3080,DB03425
3081,DB03426
3082,DB03427
3083,DB03428
3084,DB03429
3085,DB03430
3086,DB03432
3087,DB03433
3088,DB03434
3089,DB03435
3090,DB03436
3091,DB03437
3092,DB03438
3093,DB03439
3094,DB03440
3095,DB03441
3096,DB03442
3097,DB03443
3098,DB03444
3099,DB03445
3100,DB03446
3101,DB03447
3102,DB03448
3103,DB03449
3104,DB03450
3105,DB03451
3106,DB03452
3107,DB03453
3108,DB03454
3109,DB03455
3110,DB03456
3111,DB03458
3112,DB03459
3113,DB03460
3114,DB03461
3115,DB03462
3116,DB03464
3117,DB03466
3118,DB03467
3119,DB03468
3120,DB03469
3121,DB03470
3122,DB03471
3123,DB03472
3124,DB03473
3125,DB03474
3126,DB03475
3127,DB03476
3128,DB03477
3129,DB03478
3130,DB03479
3131,DB03480
3132,DB03481
3133,DB03482
3134,DB03483
3135,DB03484
3136,DB03485
3137,DB03486
3138,DB03487
3139,DB03488
3140,DB03489
3141,DB03490
3142,DB03491
3143,DB03492
3144,DB03493
3145,DB03495
3146,DB03496
3147,DB03497
3148,DB03498
3149,DB03499
3150,DB03500
3151,DB03501
3152,DB03502
3153,DB03503
3154,DB03504
3155,DB03505
3156,DB03506
3157,DB03507
3158,DB03508
3159,DB03509
3160,DB03510
3161,DB03511
3162,DB03512
3163,DB03513
3164,DB03514
3165,DB03515
3166,DB03516
3167,DB03517
3168,DB03518
3169,DB03520
3170,DB03522
3171,DB03523
3172,DB03524
3173,DB03525
3174,DB03526
3175,DB03528
3176,DB03530
3177,DB03531
3178,DB03532
3179,DB03533
3180,DB03534
3181,DB03535
3182,DB03536
3183,DB03537
3184,DB03539
3185,DB03540
3186,DB03541
3187,DB03542
3188,DB03543
3189,DB03544
3190,DB03546
3191,DB03548
3192,DB03549
3193,DB03550
3194,DB03551
3195,DB03552
3196,DB03553
3197,DB03554
3198,DB03555
3199,DB03556
3200,DB03557
3201,DB03558
3202,DB03559
3203,DB03560
3204,DB03562
3205,DB03564
3206,DB03565
3207,DB03566
3208,DB03567
3209,DB03568
3210,DB03569
3211,DB03570
3212,DB03571
3213,DB03572
3214,DB03573
3215,DB03574
3216,DB03575
3217,DB03576
3218,DB03577
3219,DB03578
3220,DB03581
3221,DB03582
3222,DB03583
3223,DB03584
3224,DB03585
3225,DB03586
3226,DB03587
3227,DB03588
3228,DB03589
3229,DB03590
3230,DB03591
3231,DB03592
3232,DB03593
3233,DB03594
3234,DB03595
3235,DB03596
3236,DB03597
3237,DB03598
3238,DB03600
3239,DB03601
3240,DB03602
3241,DB03603
3242,DB03604
3243,DB03605
3244,DB03606
3245,DB03607
3246,DB03608
3247,DB03609
3248,DB03610
3249,DB03611
3250,DB03612
3251,DB03613
3252,DB03614
3253,DB03615
3254,DB03616
3255,DB03617
3256,DB03618
3257,DB03619
3258,DB03621
3259,DB03622
3260,DB03623
3261,DB03624
3262,DB03626
3263,DB03627
3264,DB03628
3265,DB03629
3266,DB03630
3267,DB03631
3268,DB03632
3269,DB03633
3270,DB03634
3271,DB03635
3272,DB03636
3273,DB03637
3274,DB03638
3275,DB03639
3276,DB03640
3277,DB03641
3278,DB03642
3279,DB03643
3280,DB03644
3281,DB03645
3282,DB03646
3283,DB03647
3284,DB03648
3285,DB03649
3286,DB03650
3287,DB03651
3288,DB03652
3289,DB03653
3290,DB03654
3291,DB03656
3292,DB03657
3293,DB03658
3294,DB03659
3295,DB03660
3296,DB03661
3297,DB03662
3298,DB03663
3299,DB03664
3300,DB03666
3301,DB03667
3302,DB03668
3303,DB03669
3304,DB03670
3305,DB03671
3306,DB03672
3307,DB03673
3308,DB03675
3309,DB03676
3310,DB03677
3311,DB03678
3312,DB03679
3313,DB03680
3314,DB03682
3315,DB03683
3316,DB03685
3317,DB03686
3318,DB03687
3319,DB03688
3320,DB03689
3321,DB03690
3322,DB03691
3323,DB03692
3324,DB03693
3325,DB03694
3326,DB03695
3327,DB03696
3328,DB03697
3329,DB03698
3330,DB03699
3331,DB03700
3332,DB03701
3333,DB03702
3334,DB03703
3335,DB03704
3336,DB03705
3337,DB03706
3338,DB03707
3339,DB03708
3340,DB03709
3341,DB03710
3342,DB03711
3343,DB03712
3344,DB03714
3345,DB03716
3346,DB03717
3347,DB03718
3348,DB03719
3349,DB03720
3350,DB03721
3351,DB03722
3352,DB03723
3353,DB03724
3354,DB03725
3355,DB03726
3356,DB03727
3357,DB03728
3358,DB03729
3359,DB03730
3360,DB03731
3361,DB03732
3362,DB03733
3363,DB03734
3364,DB03735
3365,DB03736
3366,DB03737
3367,DB03738
3368,DB03739
3369,DB03740
3370,DB03741
3371,DB03742
3372,DB03744
3373,DB03745
3374,DB03746
3375,DB03747
3376,DB03748
3377,DB03749
3378,DB03750
3379,DB03751
3380,DB03752
3381,DB03753
3382,DB03754
3383,DB03755
3384,DB03756
3385,DB03757
3386,DB03758
3387,DB03759
3388,DB03760
3389,DB03761
3390,DB03763
3391,DB03764
3392,DB03765
3393,DB03766
3394,DB03767
3395,DB03768
3396,DB03769
3397,DB03770
3398,DB03771
3399,DB03772
3400,DB03773
3401,DB03774
3402,DB03775
3403,DB03776
3404,DB03777
3405,DB03779
3406,DB03780
3407,DB03781
3408,DB03782
3409,DB03783
3410,DB03784
3411,DB03785
3412,DB03787
3413,DB03788
3414,DB03789
3415,DB03790
3416,DB03791
3417,DB03792
3418,DB03793
3419,DB03794
3420,DB03795
3421,DB03796
3422,DB03797
3423,DB03798
3424,DB03799
3425,DB03800
3426,DB03801
3427,DB03802
3428,DB03803
3429,DB03804
3430,DB03807
3431,DB03808
3432,DB03809
3433,DB03810
3434,DB03811
3435,DB03812
3436,DB03813
3437,DB03814
3438,DB03815
3439,DB03816
3440,DB03817
3441,DB03818
3442,DB03819
3443,DB03820
3444,DB03821
3445,DB03822
3446,DB03823
3447,DB03824
3448,DB03825
3449,DB03826
3450,DB03827
3451,DB03828
3452,DB03829
3453,DB03830
3454,DB03831
3455,DB03832
3456,DB03833
3457,DB03834
3458,DB03835
3459,DB03836
3460,DB03837
3461,DB03839
3462,DB03840
3463,DB03841
3464,DB03842
3465,DB03843
3466,DB03844
3467,DB03845
3468,DB03846
3469,DB03847
3470,DB03848
3471,DB03849
3472,DB03850
3473,DB03851
3474,DB03852
3475,DB03853
3476,DB03854
3477,DB03855
3478,DB03856
3479,DB03857
3480,DB03858
3481,DB03859
3482,DB03860
3483,DB03861
3484,DB03862
3485,DB03863
3486,DB03864
3487,DB03865
3488,DB03866
3489,DB03867
3490,DB03868
3491,DB03869
3492,DB03870
3493,DB03871
3494,DB03872
3495,DB03874
3496,DB03876
3497,DB03877
3498,DB03878
3499,DB03879
3500,DB03880
3501,DB03881
3502,DB03882
3503,DB03883
3504,DB03884
3505,DB03885
3506,DB03886
3507,DB03887
3508,DB03888
3509,DB03889
3510,DB03890
3511,DB03891
3512,DB03892
3513,DB03893
3514,DB03894
3515,DB03895
3516,DB03896
3517,DB03897
3518,DB03898
3519,DB03899
3520,DB03900
3521,DB03901
3522,DB03902
3523,DB03903
3524,DB03904
3525,DB03905
3526,DB03906
3527,DB03907
3528,DB03908
3529,DB03909
3530,DB03910
3531,DB03911
3532,DB03912
3533,DB03913
3534,DB03914
3535,DB03915
3536,DB03916
3537,DB03917
3538,DB03918
3539,DB03919
3540,DB03920
3541,DB03921
3542,DB03923
3543,DB03924
3544,DB03925
3545,DB03926
3546,DB03927
3547,DB03928
3548,DB03929
3549,DB03930
3550,DB03931
3551,DB03932
3552,DB03933
3553,DB03934
3554,DB03935
3555,DB03936
3556,DB03937
3557,DB03938
3558,DB03939
3559,DB03940
3560,DB03941
3561,DB03942
3562,DB03943
3563,DB03944
3564,DB03945
3565,DB03946
3566,DB03947
3567,DB03948
3568,DB03949
3569,DB03950
3570,DB03951
3571,DB03952
3572,DB03953
3573,DB03955
3574,DB03956
3575,DB03957
3576,DB03958
3577,DB03959
3578,DB03960
3579,DB03961
3580,DB03962
3581,DB03963
3582,DB03964
3583,DB03966
3584,DB03967
3585,DB03968
3586,DB03970
3587,DB03971
3588,DB03972
3589,DB03973
3590,DB03974
3591,DB03975
3592,DB03976
3593,DB03977
3594,DB03978
3595,DB03979
3596,DB03980
3597,DB03981
3598,DB03982
3599,DB03983
3600,DB03984
3601,DB03985
3602,DB03986
3603,DB03987
3604,DB03988
3605,DB03989
3606,DB03990
3607,DB03991
3608,DB03992
3609,DB03993
3610,DB03994
3611,DB03995
3612,DB03996
3613,DB03997
3614,DB03998
3615,DB03999
3616,DB04000
3617,DB04001
3618,DB04002
3619,DB04003
3620,DB04004
3621,DB04005
3622,DB04006
3623,DB04007
3624,DB04008
3625,DB04009
3626,DB04010
3627,DB04011
3628,DB04012
3629,DB04013
3630,DB04014
3631,DB04015
3632,DB04016
3633,DB04017
3634,DB04018
3635,DB04020
3636,DB04021
3637,DB04022
3638,DB04023
3639,DB04024
3640,DB04026
3641,DB04027
3642,DB04028
3643,DB04029
3644,DB04030
3645,DB04031
3646,DB04032
3647,DB04033
3648,DB04034
3649,DB04035
3650,DB04036
3651,DB04037
3652,DB04038
3653,DB04039
3654,DB04040
3655,DB04041
3656,DB04042
3657,DB04043
3658,DB04044
3659,DB04045
3660,DB04046
3661,DB04047
3662,DB04048
3663,DB04049
3664,DB04050
3665,DB04051
3666,DB04052
3667,DB04053
3668,DB04054
3669,DB04055
3670,DB04057
3671,DB04058
3672,DB04059
3673,DB04060
3674,DB04061
3675,DB04062
3676,DB04063
3677,DB04064
3678,DB04065
3679,DB04066
3680,DB04067
3681,DB04068
3682,DB04069
3683,DB04070
3684,DB04071
3685,DB04072
3686,DB04073
3687,DB04074
3688,DB04075
3689,DB04076
3690,DB04079
3691,DB04080
3692,DB04081
3693,DB04082
3694,DB04083
3695,DB04084
3696,DB04085
3697,DB04086
3698,DB04087
3699,DB04088
3700,DB04089
3701,DB04090
3702,DB04092
3703,DB04093
3704,DB04094
3705,DB04095
3706,DB04096
3707,DB04097
3708,DB04098
3709,DB04099
3710,DB04101
3711,DB04102
3712,DB04103
3713,DB04104
3714,DB04105
3715,DB04106
3716,DB04107
3717,DB04108
3718,DB04109
3719,DB04110
3720,DB04111
3721,DB04112
3722,DB04113
3723,DB04114
3724,DB04115
3725,DB04116
3726,DB04117
3727,DB04118
3728,DB04119
3729,DB04120
3730,DB04121
3731,DB04122
3732,DB04123
3733,DB04124
3734,DB04125
3735,DB04126
3736,DB04127
3737,DB04128
3738,DB04129
3739,DB04130
3740,DB04131
3741,DB04132
3742,DB04133
3743,DB04135
3744,DB04136
3745,DB04137
3746,DB04138
3747,DB04139
3748,DB04140
3749,DB04141
3750,DB04142
3751,DB04143
3752,DB04144
3753,DB04145
3754,DB04146
3755,DB04147
3756,DB04149
3757,DB04150
3758,DB04151
3759,DB04152
3760,DB04153
3761,DB04154
3762,DB04155
3763,DB04156
3764,DB04157
3765,DB04158
3766,DB04159
3767,DB04160
3768,DB04161
3769,DB04162
3770,DB04163
3771,DB04164
3772,DB04165
3773,DB04166
3774,DB04167
3775,DB04168
3776,DB04169
3777,DB04170
3778,DB04171
3779,DB04172
3780,DB04173
3781,DB04174
3782,DB04175
3783,DB04176
3784,DB04177
3785,DB04178
3786,DB04179
3787,DB04180
3788,DB04182
3789,DB04183
3790,DB04185
3791,DB04186
3792,DB04187
3793,DB04188
3794,DB04189
3795,DB04190
3796,DB04191
3797,DB04193
3798,DB04194
3799,DB04195
3800,DB04196
3801,DB04197
3802,DB04198
3803,DB04199
3804,DB04200
3805,DB04201
3806,DB04202
3807,DB04203
3808,DB04204
3809,DB04205
3810,DB04206
3811,DB04207
3812,DB04208
3813,DB04209
3814,DB04211
3815,DB04212
3816,DB04213
3817,DB04214
3818,DB04215
3819,DB04216
3820,DB04217
3821,DB04218
3822,DB04219
3823,DB04220
3824,DB04221
3825,DB04222
3826,DB04223
3827,DB04224
3828,DB04225
3829,DB04226
3830,DB04227
3831,DB04228
3832,DB04229
3833,DB04230
3834,DB04231
3835,DB04232
3836,DB04233
3837,DB04234
3838,DB04235
3839,DB04236
3840,DB04237
3841,DB04238
3842,DB04239
3843,DB04240
3844,DB04241
3845,DB04242
3846,DB04243
3847,DB04244
3848,DB04246
3849,DB04248
3850,DB04249
3851,DB04250
3852,DB04252
3853,DB04253
3854,DB04254
3855,DB04255
3856,DB04256
3857,DB04257
3858,DB04258
3859,DB04259
3860,DB04260
3861,DB04261
3862,DB04262
3863,DB04263
3864,DB04264
3865,DB04265
3866,DB04266
3867,DB04267
3868,DB04268
3869,DB04269
3870,DB04270
3871,DB04271
3872,DB04272
3873,DB04273
3874,DB04274
3875,DB04275
3876,DB04276
3877,DB04277
3878,DB04278
3879,DB04279
3880,DB04280
3881,DB04281
3882,DB04282
3883,DB04283
3884,DB04284
3885,DB04285
3886,DB04286
3887,DB04287
3888,DB04288
3889,DB04289
3890,DB04291
3891,DB04292
3892,DB04293
3893,DB04294
3894,DB04295
3895,DB04296
3896,DB04297
3897,DB04298
3898,DB04299
3899,DB04300
3900,DB04301
3901,DB04302
3902,DB04303
3903,DB04304
3904,DB04306
3905,DB04307
3906,DB04308
3907,DB04310
3908,DB04311
3909,DB04312
3910,DB04313
3911,DB04314
3912,DB04315
3913,DB04316
3914,DB04317
3915,DB04318
3916,DB04320
3917,DB04321
3918,DB04322
3919,DB04323
3920,DB04324
3921,DB04325
3922,DB04326
3923,DB04327
3924,DB04328
3925,DB04329
3926,DB04330
3927,DB04331
3928,DB04332
3929,DB04333
3930,DB04334
3931,DB04335
3932,DB04336
3933,DB04337
3934,DB04338
3935,DB04339
3936,DB04340
3937,DB04341
3938,DB04342
3939,DB04343
3940,DB04345
3941,DB04346
3942,DB04347
3943,DB04348
3944,DB04349
3945,DB04350
3946,DB04351
3947,DB04352
3948,DB04353
3949,DB04356
3950,DB04357
3951,DB04359
3952,DB04360
3953,DB04361
3954,DB04362
3955,DB04363
3956,DB04364
3957,DB04365
3958,DB04366
3959,DB04367
3960,DB04368
3961,DB04369
3962,DB04370
3963,DB04371
3964,DB04372
3965,DB04373
3966,DB04374
3967,DB04376
3968,DB04377
3969,DB04378
3970,DB04379
3971,DB04380
3972,DB04381
3973,DB04382
3974,DB04383
3975,DB04384
3976,DB04385
3977,DB04386
3978,DB04387
3979,DB04388
3980,DB04389
3981,DB04391
3982,DB04392
3983,DB04393
3984,DB04394
3985,DB04395
3986,DB04396
3987,DB04397
3988,DB04398
3989,DB04400
3990,DB04401
3991,DB04404
3992,DB04405
3993,DB04406
3994,DB04407
3995,DB04408
3996,DB04409
3997,DB04410
3998,DB04411
3999,DB04414
4000,DB04415
4001,DB04416
4002,DB04417
4003,DB04418
4004,DB04419
4005,DB04421
4006,DB04422
4007,DB04423
4008,DB04424
4009,DB04425
4010,DB04426
4011,DB04427
4012,DB04429
4013,DB04430
4014,DB04431
4015,DB04432
4016,DB04433
4017,DB04434
4018,DB04436
4019,DB04437
4020,DB04438
4021,DB04439
4022,DB04440
4023,DB04441
4024,DB04442
4025,DB04444
4026,DB04445
4027,DB04446
4028,DB04447
4029,DB04448
4030,DB04449
4031,DB04450
4032,DB04451
4033,DB04452
4034,DB04453
4035,DB04454
4036,DB04455
4037,DB04456
4038,DB04457
4039,DB04458
4040,DB04459
4041,DB04460
4042,DB04461
4043,DB04462
4044,DB04463
4045,DB04464
4046,DB04465
4047,DB04466
4048,DB04467
4049,DB04468
4050,DB04469
4051,DB04470
4052,DB04471
4053,DB04472
4054,DB04473
4055,DB04474
4056,DB04476
4057,DB04477
4058,DB04478
4059,DB04479
4060,DB04480
4061,DB04481
4062,DB04482
4063,DB04483
4064,DB04484
4065,DB04485
4066,DB04486
4067,DB04487
4068,DB04488
4069,DB04489
4070,DB04490
4071,DB04491
4072,DB04492
4073,DB04493
4074,DB04494
4075,DB04495
4076,DB04496
4077,DB04497
4078,DB04498
4079,DB04499
4080,DB04500
4081,DB04501
4082,DB04502
4083,DB04503
4084,DB04504
4085,DB04505
4086,DB04506
4087,DB04508
4088,DB04509
4089,DB04510
4090,DB04511
4091,DB04512
4092,DB04513
4093,DB04514
4094,DB04515
4095,DB04516
4096,DB04517
4097,DB04518
4098,DB04519
4099,DB04520
4100,DB04521
4101,DB04522
4102,DB04523
4103,DB04524
4104,DB04525
4105,DB04526
4106,DB04527
4107,DB04528
4108,DB04529
4109,DB04530
4110,DB04531
4111,DB04532
4112,DB04533
4113,DB04534
4114,DB04537
4115,DB04538
4116,DB04539
4117,DB04540
4118,DB04541
4119,DB04542
4120,DB04543
4121,DB04544
4122,DB04545
4123,DB04546
4124,DB04547
4125,DB04548
4126,DB04549
4127,DB04551
4128,DB04552
4129,DB04553
4130,DB04554
4131,DB04555
4132,DB04556
4133,DB04557
4134,DB04559
4135,DB04560
4136,DB04561
4137,DB04562
4138,DB04563
4139,DB04564
4140,DB04565
4141,DB04566
4142,DB04567
4143,DB04568
4144,DB04569
4145,DB04570
4146,DB04571
4147,DB04572
4148,DB04573
4149,DB04574
4150,DB04575
4151,DB04576
4152,DB04577
4153,DB04578
4154,DB04579
4155,DB04580
4156,DB04581
4157,DB04582
4158,DB04583
4159,DB04584
4160,DB04585
4161,DB04586
4162,DB04587
4163,DB04588
4164,DB04590
4165,DB04591
4166,DB04592
4167,DB04593
4168,DB04594
4169,DB04595
4170,DB04596
4171,DB04597
4172,DB04598
4173,DB04599
4174,DB04600
4175,DB04601
4176,DB04602
4177,DB04603
4178,DB04604
4179,DB04605
4180,DB04606
4181,DB04607
4182,DB04608
4183,DB04609
4184,DB04610
4185,DB04612
4186,DB04613
4187,DB04614
4188,DB04615
4189,DB04616
4190,DB04617
4191,DB04618
4192,DB04619
4193,DB04620
4194,DB04622
4195,DB04623
4196,DB04624
4197,DB04626
4198,DB04627
4199,DB04628
4200,DB04629
4201,DB04630
4202,DB04631
4203,DB04632
4204,DB04633
4205,DB04634
4206,DB04636
4207,DB04637
4208,DB04638
4209,DB04639
4210,DB04640
4211,DB04641
4212,DB04642
4213,DB04643
4214,DB04644
4215,DB04645
4216,DB04646
4217,DB04647
4218,DB04648
4219,DB04649
4220,DB04650
4221,DB04651
4222,DB04652
4223,DB04653
4224,DB04654
4225,DB04655
4226,DB04656
4227,DB04657
4228,DB04658
4229,DB04659
4230,DB04660
4231,DB04661
4232,DB04662
4233,DB04663
4234,DB04664
4235,DB04665
4236,DB04666
4237,DB04667
4238,DB04668
4239,DB04669
4240,DB04671
4241,DB04672
4242,DB04673
4243,DB04674
4244,DB04676
4245,DB04677
4246,DB04678
4247,DB04679
4248,DB04680
4249,DB04681
4250,DB04682
4251,DB04683
4252,DB04684
4253,DB04685
4254,DB04686
4255,DB04687
4256,DB04688
4257,DB04689
4258,DB04690
4259,DB04691
4260,DB04692
4261,DB04693
4262,DB04694
4263,DB04695
4264,DB04696
4265,DB04697
4266,DB04698
4267,DB04699
4268,DB04700
4269,DB04701
4270,DB04702
4271,DB04703
4272,DB04704
4273,DB04705
4274,DB04706
4275,DB04707
4276,DB04708
4277,DB04709
4278,DB04710
4279,DB04711
4280,DB04712
4281,DB04713
4282,DB04714
4283,DB04715
4284,DB04716
4285,DB04717
4286,DB04718
4287,DB04719
4288,DB04720
4289,DB04721
4290,DB04722
4291,DB04723
4292,DB04724
4293,DB04725
4294,DB04726
4295,DB04727
4296,DB04728
4297,DB04729
4298,DB04731
4299,DB04732
4300,DB04733
4301,DB04734
4302,DB04735
4303,DB04736
4304,DB04737
4305,DB04738
4306,DB04739
4307,DB04740
4308,DB04741
4309,DB04742
4310,DB04743
4311,DB04744
4312,DB04745
4313,DB04746
4314,DB04747
4315,DB04748
4316,DB04749
4317,DB04750
4318,DB04751
4319,DB04752
4320,DB04753
4321,DB04754
4322,DB04755
4323,DB04756
4324,DB04757
4325,DB04758
4326,DB04759
4327,DB04760
4328,DB04761
4329,DB04762
4330,DB04763
4331,DB04764
4332,DB04765
4333,DB04767
4334,DB04768
4335,DB04769
4336,DB04770
4337,DB04771
4338,DB04772
4339,DB04773
4340,DB04774
4341,DB04775
4342,DB04776
4343,DB04777
4344,DB04778
4345,DB04779
4346,DB04780
4347,DB04781
4348,DB04782
4349,DB04783
4350,DB04784
4351,DB04785
4352,DB04786
4353,DB04787
4354,DB04788
4355,DB04789
4356,DB04790
4357,DB04791
4358,DB04792
4359,DB04793
4360,DB04794
4361,DB04795
4362,DB04796
4363,DB04797
4364,DB04798
4365,DB04799
4366,DB04800
4367,DB04801
4368,DB04802
4369,DB04803
4370,DB04804
4371,DB04805
4372,DB04806
4373,DB04807
4374,DB04808
4375,DB04809
4376,DB04810
4377,DB04811
4378,DB04812
4379,DB04813
4380,DB04814
4381,DB04815
4382,DB04816
4383,DB04817
4384,DB04818
4385,DB04819
4386,DB04820
4387,DB04821
4388,DB04822
4389,DB04823
4390,DB04824
4391,DB04825
4392,DB04826
4393,DB04827
4394,DB04828
4395,DB04829
4396,DB04830
4397,DB04831
4398,DB04832
4399,DB04833
4400,DB04834
4401,DB04835
4402,DB04836
4403,DB04837
4404,DB04838
4405,DB04839
4406,DB04840
4407,DB04841
4408,DB04842
4409,DB04843
4410,DB04844
4411,DB04845
4412,DB04846
4413,DB04847
4414,DB04849
4415,DB04850
4416,DB04851
4417,DB04852
4418,DB04853
4419,DB04854
4420,DB04855
4421,DB04856
4422,DB04857
4423,DB04858
4424,DB04859
4425,DB04860
4426,DB04861
4427,DB04862
4428,DB04863
4429,DB04864
4430,DB04865
4431,DB04866
4432,DB04867
4433,DB04868
4434,DB04869
4435,DB04870
4436,DB04871
4437,DB04872
4438,DB04873
4439,DB04874
4440,DB04875
4441,DB04876
4442,DB04877
4443,DB04878
4444,DB04879
4445,DB04880
4446,DB04881
4447,DB04882
4448,DB04883
4449,DB04884
4450,DB04885
4451,DB04886
4452,DB04887
4453,DB04888
4454,DB04889
4455,DB04890
4456,DB04891
4457,DB04892
4458,DB04896
4459,DB04898
4460,DB04903
4461,DB04905
4462,DB04908
4463,DB04909
4464,DB04910
4465,DB04911
4466,DB04912
4467,DB04915
4468,DB04917
4469,DB04918
4470,DB04920
4471,DB04924
4472,DB04926
4473,DB04930
4474,DB04931
4475,DB04933
4476,DB04934
4477,DB04936
4478,DB04938
4479,DB04942
4480,DB04944
4481,DB04946
4482,DB04947
4483,DB04948
4484,DB04951
4485,DB04953
4486,DB04954
4487,DB04957
4488,DB04960
4489,DB04961
4490,DB04967
4491,DB04970
4492,DB04971
4493,DB04972
4494,DB04974
4495,DB04975
4496,DB04977
4497,DB04980
4498,DB04982
4499,DB04983
4500,DB04996
4501,DB05003
4502,DB05009
4503,DB05010
4504,DB05013
4505,DB05015
4506,DB05016
4507,DB05018
4508,DB05020
4509,DB05022
4510,DB05025
4511,DB05029
4512,DB05034
4513,DB05035
4514,DB05038
4515,DB05039
4516,DB05045
4517,DB05047
4518,DB05048
4519,DB05053
4520,DB05057
4521,DB05063
4522,DB05075
4523,DB05076
4524,DB05087
4525,DB05088
4526,DB05095
4527,DB05100
4528,DB05102
4529,DB05103
4530,DB05104
4531,DB05105
4532,DB05107
4533,DB05109
4534,DB05116
4535,DB05119
4536,DB05123
4537,DB05128
4538,DB05129
4539,DB05134
4540,DB05137
4541,DB05143
4542,DB05152
4543,DB05154
4544,DB05155
4545,DB05168
4546,DB05169
4547,DB05171
4548,DB05185
4549,DB05186
4550,DB05187
4551,DB05188
4552,DB05197
4553,DB05212
4554,DB05219
4555,DB05220
4556,DB05223
4557,DB05229
4558,DB05232
4559,DB05234
4560,DB05239
4561,DB05245
4562,DB05246
4563,DB05252
4564,DB05253
4565,DB05255
4566,DB05260
4567,DB05262
4568,DB05263
4569,DB05265
4570,DB05266
4571,DB05271
4572,DB05273
4573,DB05284
4574,DB05288
4575,DB05289
4576,DB05294
4577,DB05295
4578,DB05296
4579,DB05297
4580,DB05298
4581,DB05316
4582,DB05327
4583,DB05339
4584,DB05340
4585,DB05343
4586,DB05351
4587,DB05377
4588,DB05380
4589,DB05381
4590,DB05382
4591,DB05383
4592,DB05389
4593,DB05395
4594,DB05398
4595,DB05399
4596,DB05403
4597,DB05407
4598,DB05408
4599,DB05409
4600,DB05410
4601,DB05412
4602,DB05414
4603,DB05416
4604,DB05419
4605,DB05420
4606,DB05421
4607,DB05422
4608,DB05423
4609,DB05424
4610,DB05428
4611,DB05431
4612,DB05434
4613,DB05442
4614,DB05444
4615,DB05446
4616,DB05448
4617,DB05450
4618,DB05454
4619,DB05456
4620,DB05458
4621,DB05460
4622,DB05461
4623,DB05462
4624,DB05465
4625,DB05467
4626,DB05470
4627,DB05475
4628,DB05476
4629,DB05478
4630,DB05479
4631,DB05482
4632,DB05483
4633,DB05490
4634,DB05491
4635,DB05492
4636,DB05494
4637,DB05495
4638,DB05498
4639,DB05501
4640,DB05511
4641,DB05513
4642,DB05514
4643,DB05518
4644,DB05519
4645,DB05520
4646,DB05521
4647,DB05524
4648,DB05531
4649,DB05532
4650,DB05540
4651,DB05541
4652,DB05542
4653,DB05546
4654,DB05549
4655,DB05552
4656,DB05553
4657,DB05562
4658,DB05565
4659,DB05575
4660,DB05576
4661,DB05585
4662,DB05586
4663,DB05590
4664,DB05592
4665,DB05596
4666,DB05607
4667,DB05608
4668,DB05611
4669,DB05616
4670,DB05624
4671,DB05625
4672,DB05626
4673,DB05630
4674,DB05631
4675,DB05633
4676,DB05636
4677,DB05642
4678,DB05644
4679,DB05645
4680,DB05650
4681,DB05653
4682,DB05659
4683,DB05660
4684,DB05667
4685,DB05668
4686,DB05676
4687,DB05678
4688,DB05680
4689,DB05683
4690,DB05686
4691,DB05695
4692,DB05706
4693,DB05708
4694,DB05710
4695,DB05713
4696,DB05714
4697,DB05719
4698,DB05721
4699,DB05722
4700,DB05724
4701,DB05732
4702,DB05735
4703,DB05737
4704,DB05738
4705,DB05766
4706,DB05767
4707,DB05772
4708,DB05779
4709,DB05785
4710,DB05786
4711,DB05790
4712,DB05791
4713,DB05792
4714,DB05796
4715,DB05800
4716,DB05804
4717,DB05805
4718,DB05806
4719,DB05808
4720,DB05812
4721,DB05814
4722,DB05817
4723,DB05824
4724,DB05830
4725,DB05832
4726,DB05835
4727,DB05837
4728,DB05838
4729,DB05855
4730,DB05861
4731,DB05864
4732,DB05868
4733,DB05869
4734,DB05871
4735,DB05874
4736,DB05875
4737,DB05884
4738,DB05885
4739,DB05903
4740,DB05905
4741,DB05913
4742,DB05928
4743,DB05932
4744,DB05936
4745,DB05938
4746,DB05939
4747,DB05943
4748,DB05944
4749,DB05946
4750,DB05956
4751,DB05959
4752,DB05961
4753,DB05964
4754,DB05966
4755,DB05968
4756,DB05969
4757,DB05970
4758,DB05973
4759,DB05974
4760,DB05983
4761,DB05984
4762,DB05990
4763,DB05992
4764,DB05993
4765,DB05998
4766,DB06011
4767,DB06013
4768,DB06016
4769,DB06021
4770,DB06027
4771,DB06029
4772,DB06040
4773,DB06044
4774,DB06045
4775,DB06061
4776,DB06070
4777,DB06075
4778,DB06077
4779,DB06080
4780,DB06082
4781,DB06083
4782,DB06087
4783,DB06090
4784,DB06091
4785,DB06106
4786,DB06112
4787,DB06117
4788,DB06119
4789,DB06121
4790,DB06124
4791,DB06127
4792,DB06133
4793,DB06134
4794,DB06137
4795,DB06140
4796,DB06143
4797,DB06144
4798,DB06145
4799,DB06147
4800,DB06148
4801,DB06149
4802,DB06150
4803,DB06151
4804,DB06152
4805,DB06153
4806,DB06154
4807,DB06155
4808,DB06156
4809,DB06157
4810,DB06159
4811,DB06160
4812,DB06163
4813,DB06166
4814,DB06169
4815,DB06174
4816,DB06176
4817,DB06177
4818,DB06178
4819,DB06179
4820,DB06182
4821,DB06185
4822,DB06187
4823,DB06188
4824,DB06190
4825,DB06191
4826,DB06193
4827,DB06194
4828,DB06195
4829,DB06197
4830,DB06198
4831,DB06199
4832,DB06200
4833,DB06201
4834,DB06202
4835,DB06203
4836,DB06204
4837,DB06206
4838,DB06207
4839,DB06209
4840,DB06210
4841,DB06211
4842,DB06212
4843,DB06213
4844,DB06215
4845,DB06216
4846,DB06217
4847,DB06218
4848,DB06228
4849,DB06229
4850,DB06230
4851,DB06231
4852,DB06233
4853,DB06234
4854,DB06235
4855,DB06236
4856,DB06237
4857,DB06240
4858,DB06243
4859,DB06246
4860,DB06247
4861,DB06248
4862,DB06249
4863,DB06250
4864,DB06251
4865,DB06252
4866,DB06253
4867,DB06255
4868,DB06257
4869,DB06258
4870,DB06260
4871,DB06261
4872,DB06262
4873,DB06263
4874,DB06264
4875,DB06266
4876,DB06267
4877,DB06268
4878,DB06272
4879,DB06274
4880,DB06276
4881,DB06280
4882,DB06281
4883,DB06282
4884,DB06287
4885,DB06288
4886,DB06290
4887,DB06292
4888,DB06293
4889,DB06295
4890,DB06297
4891,DB06299
4892,DB06302
4893,DB06306
4894,DB06307
4895,DB06309
4896,DB06311
4897,DB06313
4898,DB06314
4899,DB06315
4900,DB06316
4901,DB06321
4902,DB06328
4903,DB06329
4904,DB06331
4905,DB06333
4906,DB06334
4907,DB06335
4908,DB06345
4909,DB06346
4910,DB06347
4911,DB06349
4912,DB06350
4913,DB06354
4914,DB06358
4915,DB06362
4916,DB06364
4917,DB06365
4918,DB06367
4919,DB06368
4920,DB06370
4921,DB06374
4922,DB06388
4923,DB06391
4924,DB06393
4925,DB06395
4926,DB06397
4927,DB06401
4928,DB06402
4929,DB06403
4930,DB06405
4931,DB06406
4932,DB06408
4933,DB06409
4934,DB06410
4935,DB06412
4936,DB06413
4937,DB06414
4938,DB06419
4939,DB06420
4940,DB06421
4941,DB06422
4942,DB06429
4943,DB06431
4944,DB06433
4945,DB06435
4946,DB06436
4947,DB06440
4948,DB06441
4949,DB06442
4950,DB06444
4951,DB06445
4952,DB06446
4953,DB06447
4954,DB06448
4955,DB06454
4956,DB06455
4957,DB06457
4958,DB06458
4959,DB06460
4960,DB06461
4961,DB06465
4962,DB06468
4963,DB06469
4964,DB06470
4965,DB06471
4966,DB06472
4967,DB06477
4968,DB06478
4969,DB06479
4970,DB06480
4971,DB06481
4972,DB06484
4973,DB06485
4974,DB06486
4975,DB06490
4976,DB06494
4977,DB06497
4978,DB06499
4979,DB06504
4980,DB06505
4981,DB06506
4982,DB06508
4983,DB06510
4984,DB06512
4985,DB06515
4986,DB06517
4987,DB06518
4988,DB06519
4989,DB06521
4990,DB06523
4991,DB06525
4992,DB06527
4993,DB06529
4994,DB06530
4995,DB06532
4996,DB06533
4997,DB06535
4998,DB06536
4999,DB06538
5000,DB06543
5001,DB06548
5002,DB06549
5003,DB06553
5004,DB06554
5005,DB06555
5006,DB06558
5007,DB06564
5008,DB06569
5009,DB06573
5010,DB06575
5011,DB06578
5012,DB06579
5013,DB06580
5014,DB06581
5015,DB06582
5016,DB06585
5017,DB06586
5018,DB06587
5019,DB06588
5020,DB06589
5021,DB06590
5022,DB06594
5023,DB06595
5024,DB06597
5025,DB06598
5026,DB06600
5027,DB06603
5028,DB06604
5029,DB06605
5030,DB06608
5031,DB06609
5032,DB06610
5033,DB06614
5034,DB06616
5035,DB06618
5036,DB06619
5037,DB06620
5038,DB06622
5039,DB06623
5040,DB06624
5041,DB06625
5042,DB06626
5043,DB06629
5044,DB06630
5045,DB06633
5046,DB06634
5047,DB06635
5048,DB06636
5049,DB06637
5050,DB06638
5051,DB06640
5052,DB06641
5053,DB06645
5054,DB06649
5055,DB06651
5056,DB06652
5057,DB06654
5058,DB06656
5059,DB06657
5060,DB06659
5061,DB06660
5062,DB06663
5063,DB06666
5064,DB06669
5065,DB06670
5066,DB06673
5067,DB06677
5068,DB06678
5069,DB06680
5070,DB06682
5071,DB06683
5072,DB06684
5073,DB06685
5074,DB06689
5075,DB06690
5076,DB06691
5077,DB06693
5078,DB06694
5079,DB06695
5080,DB06696
5081,DB06697
5082,DB06698
5083,DB06699
5084,DB06700
5085,DB06701
5086,DB06702
5087,DB06703
5088,DB06704
5089,DB06705
5090,DB06706
5091,DB06707
5092,DB06708
5093,DB06709
5094,DB06710
5095,DB06711
5096,DB06712
5097,DB06713
5098,DB06714
5099,DB06715
5100,DB06716
5101,DB06717
5102,DB06718
5103,DB06721
5104,DB06723
5105,DB06724
5106,DB06725
5107,DB06726
5108,DB06727
5109,DB06728
5110,DB06729
5111,DB06730
5112,DB06731
5113,DB06732
5114,DB06733
5115,DB06734
5116,DB06735
5117,DB06736
5118,DB06737
5119,DB06738
5120,DB06739
5121,DB06740
5122,DB06741
5123,DB06742
5124,DB06743
5125,DB06744
5126,DB06745
5127,DB06746
5128,DB06747
5129,DB06748
5130,DB06749
5131,DB06750
5132,DB06751
5133,DB06753
5134,DB06755
5135,DB06756
5136,DB06757
5137,DB06762
5138,DB06763
5139,DB06764
5140,DB06766
5141,DB06767
5142,DB06768
5143,DB06769
5144,DB06770
5145,DB06771
5146,DB06772
5147,DB06774
5148,DB06775
5149,DB06777
5150,DB06778
5151,DB06780
5152,DB06781
5153,DB06782
5154,DB06783
5155,DB06784
5156,DB06785
5157,DB06786
5158,DB06787
5159,DB06788
5160,DB06789
5161,DB06791
5162,DB06792
5163,DB06793
5164,DB06794
5165,DB06795
5166,DB06796
5167,DB06797
5168,DB06799
5169,DB06800
5170,DB06801
5171,DB06802
5172,DB06803
5173,DB06804
5174,DB06807
5175,DB06808
5176,DB06809
5177,DB06810
5178,DB06811
5179,DB06813
5180,DB06814
5181,DB06815
5182,DB06816
5183,DB06817
5184,DB06819
5185,DB06820
5186,DB06821
5187,DB06823
5188,DB06824
5189,DB06825
5190,DB06826
5191,DB06827
5192,DB06828
5193,DB06829
5194,DB06830
5195,DB06831
5196,DB06832
5197,DB06833
5198,DB06834
5199,DB06835
5200,DB06836
5201,DB06837
5202,DB06838
5203,DB06839
5204,DB06840
5205,DB06841
5206,DB06842
5207,DB06843
5208,DB06844
5209,DB06845
5210,DB06847
5211,DB06848
5212,DB06849
5213,DB06850
5214,DB06851
5215,DB06852
5216,DB06853
5217,DB06855
5218,DB06856
5219,DB06857
5220,DB06858
5221,DB06859
5222,DB06860
5223,DB06861
5224,DB06862
5225,DB06864
5226,DB06865
5227,DB06866
5228,DB06867
5229,DB06868
5230,DB06869
5231,DB06870
5232,DB06871
5233,DB06872
5234,DB06873
5235,DB06874
5236,DB06875
5237,DB06876
5238,DB06877
5239,DB06878
5240,DB06879
5241,DB06880
5242,DB06881
5243,DB06882
5244,DB06883
5245,DB06884
5246,DB06885
5247,DB06886
5248,DB06887
5249,DB06888
5250,DB06889
5251,DB06890
5252,DB06891
5253,DB06892
5254,DB06893
5255,DB06894
5256,DB06896
5257,DB06897
5258,DB06898
5259,DB06899
5260,DB06900
5261,DB06901
5262,DB06902
5263,DB06903
5264,DB06904
5265,DB06905
5266,DB06906
5267,DB06907
5268,DB06908
5269,DB06909
5270,DB06910
5271,DB06911
5272,DB06912
5273,DB06913
5274,DB06914
5275,DB06915
5276,DB06916
5277,DB06917
5278,DB06918
5279,DB06919
5280,DB06920
5281,DB06921
5282,DB06922
5283,DB06923
5284,DB06924
5285,DB06925
5286,DB06926
5287,DB06927
5288,DB06928
5289,DB06929
5290,DB06930
5291,DB06931
5292,DB06932
5293,DB06933
5294,DB06934
5295,DB06935
5296,DB06936
5297,DB06937
5298,DB06938
5299,DB06939
5300,DB06940
5301,DB06941
5302,DB06942
5303,DB06943
5304,DB06944
5305,DB06945
5306,DB06946
5307,DB06947
5308,DB06948
5309,DB06949
5310,DB06950
5311,DB06951
5312,DB06952
5313,DB06953
5314,DB06954
5315,DB06955
5316,DB06956
5317,DB06957
5318,DB06958
5319,DB06959
5320,DB06960
5321,DB06961
5322,DB06962
5323,DB06963
5324,DB06964
5325,DB06965
5326,DB06966
5327,DB06967
5328,DB06968
5329,DB06969
5330,DB06970
5331,DB06971
5332,DB06972
5333,DB06973
5334,DB06974
5335,DB06976
5336,DB06977
5337,DB06978
5338,DB06979
5339,DB06980
5340,DB06981
5341,DB06982
5342,DB06983
5343,DB06984
5344,DB06985
5345,DB06986
5346,DB06987
5347,DB06988
5348,DB06989
5349,DB06990
5350,DB06991
5351,DB06992
5352,DB06993
5353,DB06994
5354,DB06995
5355,DB06996
5356,DB06997
5357,DB06998
5358,DB06999
5359,DB07000
5360,DB07001
5361,DB07002
5362,DB07003
5363,DB07004
5364,DB07005
5365,DB07006
5366,DB07007
5367,DB07008
5368,DB07009
5369,DB07010
5370,DB07011
5371,DB07012
5372,DB07013
5373,DB07014
5374,DB07015
5375,DB07016
5376,DB07017
5377,DB07018
5378,DB07019
5379,DB07020
5380,DB07021
5381,DB07022
5382,DB07023
5383,DB07024
5384,DB07025
5385,DB07026
5386,DB07027
5387,DB07028
5388,DB07029
5389,DB07030
5390,DB07031
5391,DB07032
5392,DB07033
5393,DB07034
5394,DB07035
5395,DB07036
5396,DB07037
5397,DB07038
5398,DB07039
5399,DB07040
5400,DB07041
5401,DB07042
5402,DB07043
5403,DB07044
5404,DB07045
5405,DB07046
5406,DB07047
5407,DB07048
5408,DB07049
5409,DB07050
5410,DB07051
5411,DB07052
5412,DB07053
5413,DB07054
5414,DB07055
5415,DB07056
5416,DB07057
5417,DB07058
5418,DB07059
5419,DB07060
5420,DB07061
5421,DB07062
5422,DB07063
5423,DB07064
5424,DB07065
5425,DB07066
5426,DB07067
5427,DB07068
5428,DB07069
5429,DB07070
5430,DB07071
5431,DB07072
5432,DB07073
5433,DB07074
5434,DB07075
5435,DB07076
5436,DB07077
5437,DB07078
5438,DB07079
5439,DB07080
5440,DB07081
5441,DB07082
5442,DB07083
5443,DB07084
5444,DB07085
5445,DB07086
5446,DB07087
5447,DB07088
5448,DB07089
5449,DB07090
5450,DB07091
5451,DB07092
5452,DB07093
5453,DB07094
5454,DB07095
5455,DB07096
5456,DB07097
5457,DB07098
5458,DB07099
5459,DB07100
5460,DB07101
5461,DB07102
5462,DB07103
5463,DB07104
5464,DB07105
5465,DB07106
5466,DB07107
5467,DB07108
5468,DB07109
5469,DB07110
5470,DB07111
5471,DB07112
5472,DB07113
5473,DB07114
5474,DB07115
5475,DB07116
5476,DB07117
5477,DB07118
5478,DB07119
5479,DB07120
5480,DB07121
5481,DB07122
5482,DB07123
5483,DB07124
5484,DB07125
5485,DB07126
5486,DB07127
5487,DB07128
5488,DB07129
5489,DB07130
5490,DB07131
5491,DB07132
5492,DB07133
5493,DB07134
5494,DB07135
5495,DB07136
5496,DB07137
5497,DB07138
5498,DB07139
5499,DB07140
5500,DB07141
5501,DB07142
5502,DB07143
5503,DB07144
5504,DB07145
5505,DB07146
5506,DB07147
5507,DB07148
5508,DB07149
5509,DB07150
5510,DB07151
5511,DB07152
5512,DB07153
5513,DB07154
5514,DB07155
5515,DB07156
5516,DB07157
5517,DB07158
5518,DB07159
5519,DB07160
5520,DB07161
5521,DB07162
5522,DB07163
5523,DB07164
5524,DB07165
5525,DB07167
5526,DB07168
5527,DB07169
5528,DB07170
5529,DB07171
5530,DB07172
5531,DB07173
5532,DB07174
5533,DB07175
5534,DB07176
5535,DB07177
5536,DB07178
5537,DB07179
5538,DB07180
5539,DB07181
5540,DB07182
5541,DB07183
5542,DB07184
5543,DB07185
5544,DB07186
5545,DB07187
5546,DB07188
5547,DB07189
5548,DB07190
5549,DB07192
5550,DB07193
5551,DB07194
5552,DB07195
5553,DB07196
5554,DB07197
5555,DB07198
5556,DB07199
5557,DB07200
5558,DB07201
5559,DB07202
5560,DB07203
5561,DB07204
5562,DB07205
5563,DB07206
5564,DB07207
5565,DB07208
5566,DB07209
5567,DB07210
5568,DB07211
5569,DB07212
5570,DB07213
5571,DB07215
5572,DB07216
5573,DB07217
5574,DB07218
5575,DB07219
5576,DB07220
5577,DB07221
5578,DB07222
5579,DB07223
5580,DB07224
5581,DB07225
5582,DB07226
5583,DB07227
5584,DB07228
5585,DB07229
5586,DB07230
5587,DB07231
5588,DB07232
5589,DB07233
5590,DB07234
5591,DB07235
5592,DB07236
5593,DB07237
5594,DB07238
5595,DB07239
5596,DB07240
5597,DB07241
5598,DB07242
5599,DB07243
5600,DB07244
5601,DB07245
5602,DB07246
5603,DB07247
5604,DB07248
5605,DB07249
5606,DB07250
5607,DB07251
5608,DB07252
5609,DB07253
5610,DB07254
5611,DB07255
5612,DB07256
5613,DB07257
5614,DB07258
5615,DB07259
5616,DB07260
5617,DB07261
5618,DB07262
5619,DB07263
5620,DB07264
5621,DB07265
5622,DB07266
5623,DB07267
5624,DB07268
5625,DB07269
5626,DB07270
5627,DB07271
5628,DB07272
5629,DB07273
5630,DB07274
5631,DB07275
5632,DB07276
5633,DB07277
5634,DB07278
5635,DB07279
5636,DB07280
5637,DB07281
5638,DB07282
5639,DB07283
5640,DB07284
5641,DB07285
5642,DB07286
5643,DB07287
5644,DB07288
5645,DB07289
5646,DB07290
5647,DB07291
5648,DB07292
5649,DB07293
5650,DB07294
5651,DB07295
5652,DB07296
5653,DB07297
5654,DB07298
5655,DB07299
5656,DB07300
5657,DB07301
5658,DB07302
5659,DB07303
5660,DB07304
5661,DB07305
5662,DB07306
5663,DB07307
5664,DB07308
5665,DB07309
5666,DB07310
5667,DB07311
5668,DB07312
5669,DB07313
5670,DB07314
5671,DB07315
5672,DB07316
5673,DB07317
5674,DB07318
5675,DB07319
5676,DB07320
5677,DB07321
5678,DB07322
5679,DB07323
5680,DB07324
5681,DB07325
5682,DB07326
5683,DB07327
5684,DB07328
5685,DB07329
5686,DB07330
5687,DB07331
5688,DB07332
5689,DB07333
5690,DB07334
5691,DB07335
5692,DB07336
5693,DB07337
5694,DB07338
5695,DB07339
5696,DB07340
5697,DB07341
5698,DB07342
5699,DB07343
5700,DB07344
5701,DB07345
5702,DB07346
5703,DB07347
5704,DB07348
5705,DB07349
5706,DB07350
5707,DB07351
5708,DB07352
5709,DB07353
5710,DB07354
5711,DB07355
5712,DB07356
5713,DB07357
5714,DB07358
5715,DB07359
5716,DB07360
5717,DB07362
5718,DB07363
5719,DB07364
5720,DB07365
5721,DB07366
5722,DB07367
5723,DB07368
5724,DB07369
5725,DB07370
5726,DB07371
5727,DB07373
5728,DB07374
5729,DB07375
5730,DB07376
5731,DB07377
5732,DB07378
5733,DB07379
5734,DB07380
5735,DB07381
5736,DB07382
5737,DB07383
5738,DB07384
5739,DB07385
5740,DB07387
5741,DB07388
5742,DB07389
5743,DB07390
5744,DB07391
5745,DB07392
5746,DB07393
5747,DB07394
5748,DB07395
5749,DB07396
5750,DB07397
5751,DB07398
5752,DB07400
5753,DB07401
5754,DB07402
5755,DB07403
5756,DB07404
5757,DB07405
5758,DB07406
5759,DB07407
5760,DB07408
5761,DB07409
5762,DB07410
5763,DB07411
5764,DB07412
5765,DB07413
5766,DB07414
5767,DB07415
5768,DB07416
5769,DB07418
5770,DB07419
5771,DB07420
5772,DB07421
5773,DB07422
5774,DB07423
5775,DB07424
5776,DB07425
5777,DB07426
5778,DB07427
5779,DB07428
5780,DB07429
5781,DB07430
5782,DB07431
5783,DB07432
5784,DB07433
5785,DB07434
5786,DB07435
5787,DB07436
5788,DB07437
5789,DB07439
5790,DB07440
5791,DB07441
5792,DB07443
5793,DB07444
5794,DB07445
5795,DB07446
5796,DB07447
5797,DB07448
5798,DB07449
5799,DB07450
5800,DB07451
5801,DB07452
5802,DB07453
5803,DB07454
5804,DB07455
5805,DB07456
5806,DB07457
5807,DB07458
5808,DB07459
5809,DB07460
5810,DB07461
5811,DB07462
5812,DB07463
5813,DB07464
5814,DB07465
5815,DB07466
5816,DB07467
5817,DB07468
5818,DB07469
5819,DB07470
5820,DB07471
5821,DB07472
5822,DB07473
5823,DB07474
5824,DB07476
5825,DB07477
5826,DB07478
5827,DB07479
5828,DB07480
5829,DB07481
5830,DB07482
5831,DB07483
5832,DB07484
5833,DB07485
5834,DB07486
5835,DB07487
5836,DB07488
5837,DB07489
5838,DB07490
5839,DB07491
5840,DB07492
5841,DB07493
5842,DB07494
5843,DB07495
5844,DB07496
5845,DB07497
5846,DB07498
5847,DB07499
5848,DB07500
5849,DB07501
5850,DB07502
5851,DB07503
5852,DB07504
5853,DB07505
5854,DB07506
5855,DB07507
5856,DB07508
5857,DB07509
5858,DB07510
5859,DB07511
5860,DB07512
5861,DB07513
5862,DB07514
5863,DB07515
5864,DB07516
5865,DB07517
5866,DB07518
5867,DB07519
5868,DB07520
5869,DB07521
5870,DB07522
5871,DB07524
5872,DB07525
5873,DB07526
5874,DB07527
5875,DB07528
5876,DB07529
5877,DB07530
5878,DB07531
5879,DB07532
5880,DB07533
5881,DB07534
5882,DB07535
5883,DB07536
5884,DB07537
5885,DB07538
5886,DB07539
5887,DB07540
5888,DB07541
5889,DB07542
5890,DB07543
5891,DB07544
5892,DB07545
5893,DB07546
5894,DB07547
5895,DB07548
5896,DB07549
5897,DB07550
5898,DB07551
5899,DB07552
5900,DB07553
5901,DB07555
5902,DB07556
5903,DB07557
5904,DB07558
5905,DB07559
5906,DB07560
5907,DB07561
5908,DB07562
5909,DB07563
5910,DB07564
5911,DB07565
5912,DB07567
5913,DB07568
5914,DB07569
5915,DB07570
5916,DB07571
5917,DB07572
5918,DB07573
5919,DB07574
5920,DB07575
5921,DB07577
5922,DB07578
5923,DB07579
5924,DB07580
5925,DB07581
5926,DB07582
5927,DB07583
5928,DB07584
5929,DB07585
5930,DB07586
5931,DB07587
5932,DB07588
5933,DB07589
5934,DB07590
5935,DB07591
5936,DB07592
5937,DB07593
5938,DB07594
5939,DB07595
5940,DB07596
5941,DB07597
5942,DB07598
5943,DB07599
5944,DB07601
5945,DB07602
5946,DB07603
5947,DB07604
5948,DB07605
5949,DB07606
5950,DB07607
5951,DB07608
5952,DB07609
5953,DB07610
5954,DB07611
5955,DB07612
5956,DB07613
5957,DB07614
5958,DB07615
5959,DB07616
5960,DB07617
5961,DB07618
5962,DB07619
5963,DB07620
5964,DB07621
5965,DB07622
5966,DB07623
5967,DB07624
5968,DB07625
5969,DB07626
5970,DB07627
5971,DB07628
5972,DB07629
5973,DB07630
5974,DB07631
5975,DB07632
5976,DB07633
5977,DB07634
5978,DB07635
5979,DB07636
5980,DB07637
5981,DB07638
5982,DB07639
5983,DB07640
5984,DB07641
5985,DB07642
5986,DB07643
5987,DB07644
5988,DB07645
5989,DB07646
5990,DB07647
5991,DB07648
5992,DB07649
5993,DB07650
5994,DB07651
5995,DB07652
5996,DB07653
5997,DB07654
5998,DB07655
5999,DB07657
6000,DB07658
6001,DB07659
6002,DB07660
6003,DB07661
6004,DB07662
6005,DB07663
6006,DB07664
6007,DB07665
6008,DB07666
6009,DB07667
6010,DB07668
6011,DB07669
6012,DB07670
6013,DB07671
6014,DB07672
6015,DB07673
6016,DB07674
6017,DB07675
6018,DB07676
6019,DB07677
6020,DB07678
6021,DB07679
6022,DB07680
6023,DB07681
6024,DB07683
6025,DB07684
6026,DB07685
6027,DB07686
6028,DB07687
6029,DB07688
6030,DB07689
6031,DB07691
6032,DB07692
6033,DB07693
6034,DB07694
6035,DB07695
6036,DB07696
6037,DB07697
6038,DB07698
6039,DB07700
6040,DB07701
6041,DB07702
6042,DB07703
6043,DB07704
6044,DB07705
6045,DB07706
6046,DB07707
6047,DB07708
6048,DB07710
6049,DB07711
6050,DB07712
6051,DB07713
6052,DB07714
6053,DB07715
6054,DB07716
6055,DB07717
6056,DB07718
6057,DB07719
6058,DB07720
6059,DB07721
6060,DB07722
6061,DB07723
6062,DB07724
6063,DB07726
6064,DB07728
6065,DB07729
6066,DB07730
6067,DB07731
6068,DB07732
6069,DB07733
6070,DB07734
6071,DB07735
6072,DB07736
6073,DB07737
6074,DB07738
6075,DB07739
6076,DB07740
6077,DB07741
6078,DB07742
6079,DB07743
6080,DB07744
6081,DB07745
6082,DB07746
6083,DB07747
6084,DB07748
6085,DB07749
6086,DB07750
6087,DB07751
6088,DB07753
6089,DB07754
6090,DB07755
6091,DB07756
6092,DB07757
6093,DB07758
6094,DB07759
6095,DB07760
6096,DB07761
6097,DB07762
6098,DB07763
6099,DB07764
6100,DB07765
6101,DB07766
6102,DB07767
6103,DB07768
6104,DB07769
6105,DB07770
6106,DB07771
6107,DB07772
6108,DB07773
6109,DB07775
6110,DB07776
6111,DB07778
6112,DB07779
6113,DB07780
6114,DB07781
6115,DB07782
6116,DB07783
6117,DB07784
6118,DB07785
6119,DB07786
6120,DB07787
6121,DB07788
6122,DB07789
6123,DB07790
6124,DB07791
6125,DB07792
6126,DB07793
6127,DB07794
6128,DB07795
6129,DB07796
6130,DB07797
6131,DB07798
6132,DB07800
6133,DB07801
6134,DB07802
6135,DB07803
6136,DB07804
6137,DB07805
6138,DB07806
6139,DB07807
6140,DB07808
6141,DB07809
6142,DB07810
6143,DB07811
6144,DB07812
6145,DB07813
6146,DB07814
6147,DB07815
6148,DB07816
6149,DB07817
6150,DB07818
6151,DB07819
6152,DB07820
6153,DB07821
6154,DB07823
6155,DB07824
6156,DB07825
6157,DB07826
6158,DB07827
6159,DB07829
6160,DB07830
6161,DB07831
6162,DB07832
6163,DB07833
6164,DB07834
6165,DB07835
6166,DB07836
6167,DB07837
6168,DB07838
6169,DB07839
6170,DB07840
6171,DB07841
6172,DB07842
6173,DB07843
6174,DB07844
6175,DB07845
6176,DB07846
6177,DB07847
6178,DB07848
6179,DB07849
6180,DB07850
6181,DB07851
6182,DB07852
6183,DB07853
6184,DB07854
6185,DB07855
6186,DB07856
6187,DB07857
6188,DB07858
6189,DB07859
6190,DB07860
6191,DB07861
6192,DB07862
6193,DB07863
6194,DB07864
6195,DB07865
6196,DB07866
6197,DB07867
6198,DB07868
6199,DB07869
6200,DB07870
6201,DB07871
6202,DB07872
6203,DB07873
6204,DB07874
6205,DB07875
6206,DB07876
6207,DB07877
6208,DB07878
6209,DB07879
6210,DB07880
6211,DB07881
6212,DB07882
6213,DB07883
6214,DB07884
6215,DB07885
6216,DB07887
6217,DB07888
6218,DB07889
6219,DB07890
6220,DB07891
6221,DB07892
6222,DB07893
6223,DB07894
6224,DB07895
6225,DB07896
6226,DB07897
6227,DB07898
6228,DB07899
6229,DB07900
6230,DB07901
6231,DB07902
6232,DB07903
6233,DB07905
6234,DB07906
6235,DB07907
6236,DB07908
6237,DB07909
6238,DB07910
6239,DB07911
6240,DB07912
6241,DB07913
6242,DB07914
6243,DB07915
6244,DB07916
6245,DB07917
6246,DB07918
6247,DB07919
6248,DB07920
6249,DB07921
6250,DB07922
6251,DB07923
6252,DB07924
6253,DB07925
6254,DB07926
6255,DB07927
6256,DB07928
6257,DB07929
6258,DB07930
6259,DB07931
6260,DB07932
6261,DB07933
6262,DB07934
6263,DB07935
6264,DB07936
6265,DB07937
6266,DB07938
6267,DB07939
6268,DB07940
6269,DB07941
6270,DB07942
6271,DB07943
6272,DB07944
6273,DB07945
6274,DB07946
6275,DB07947
6276,DB07949
6277,DB07950
6278,DB07951
6279,DB07952
6280,DB07953
6281,DB07954
6282,DB07955
6283,DB07956
6284,DB07957
6285,DB07958
6286,DB07959
6287,DB07960
6288,DB07961
6289,DB07962
6290,DB07963
6291,DB07964
6292,DB07965
6293,DB07966
6294,DB07967
6295,DB07968
6296,DB07969
6297,DB07970
6298,DB07971
6299,DB07972
6300,DB07973
6301,DB07974
6302,DB07975
6303,DB07976
6304,DB07977
6305,DB07978
6306,DB07979
6307,DB07981
6308,DB07982
6309,DB07983
6310,DB07984
6311,DB07985
6312,DB07986
6313,DB07987
6314,DB07988
6315,DB07989
6316,DB07990
6317,DB07991
6318,DB07992
6319,DB07993
6320,DB07994
6321,DB07995
6322,DB07996
6323,DB07997
6324,DB07999
6325,DB08000
6326,DB08001
6327,DB08003
6328,DB08004
6329,DB08005
6330,DB08006
6331,DB08007
6332,DB08008
6333,DB08009
6334,DB08010
6335,DB08011
6336,DB08012
6337,DB08013
6338,DB08014
6339,DB08015
6340,DB08016
6341,DB08017
6342,DB08018
6343,DB08019
6344,DB08020
6345,DB08021
6346,DB08022
6347,DB08023
6348,DB08024
6349,DB08025
6350,DB08026
6351,DB08027
6352,DB08028
6353,DB08029
6354,DB08030
6355,DB08031
6356,DB08032
6357,DB08033
6358,DB08034
6359,DB08035
6360,DB08036
6361,DB08037
6362,DB08038
6363,DB08039
6364,DB08040
6365,DB08041
6366,DB08042
6367,DB08043
6368,DB08044
6369,DB08045
6370,DB08046
6371,DB08047
6372,DB08048
6373,DB08049
6374,DB08050
6375,DB08051
6376,DB08052
6377,DB08053
6378,DB08054
6379,DB08055
6380,DB08056
6381,DB08057
6382,DB08058
6383,DB08059
6384,DB08060
6385,DB08061
6386,DB08062
6387,DB08063
6388,DB08064
6389,DB08065
6390,DB08066
6391,DB08067
6392,DB08068
6393,DB08069
6394,DB08070
6395,DB08071
6396,DB08072
6397,DB08073
6398,DB08074
6399,DB08075
6400,DB08076
6401,DB08077
6402,DB08078
6403,DB08079
6404,DB08080
6405,DB08081
6406,DB08082
6407,DB08083
6408,DB08084
6409,DB08085
6410,DB08086
6411,DB08087
6412,DB08088
6413,DB08089
6414,DB08090
6415,DB08091
6416,DB08092
6417,DB08093
6418,DB08094
6419,DB08095
6420,DB08096
6421,DB08097
6422,DB08098
6423,DB08099
6424,DB08100
6425,DB08101
6426,DB08102
6427,DB08103
6428,DB08104
6429,DB08105
6430,DB08106
6431,DB08107
6432,DB08108
6433,DB08109
6434,DB08110
6435,DB08111
6436,DB08112
6437,DB08113
6438,DB08114
6439,DB08115
6440,DB08116
6441,DB08118
6442,DB08119
6443,DB08120
6444,DB08121
6445,DB08122
6446,DB08123
6447,DB08124
6448,DB08125
6449,DB08126
6450,DB08127
6451,DB08128
6452,DB08129
6453,DB08130
6454,DB08131
6455,DB08132
6456,DB08133
6457,DB08134
6458,DB08135
6459,DB08136
6460,DB08137
6461,DB08138
6462,DB08139
6463,DB08140
6464,DB08141
6465,DB08142
6466,DB08143
6467,DB08144
6468,DB08145
6469,DB08146
6470,DB08147
6471,DB08148
6472,DB08149
6473,DB08150
6474,DB08151
6475,DB08152
6476,DB08153
6477,DB08154
6478,DB08155
6479,DB08156
6480,DB08157
6481,DB08158
6482,DB08159
6483,DB08160
6484,DB08161
6485,DB08162
6486,DB08163
6487,DB08164
6488,DB08165
6489,DB08166
6490,DB08167
6491,DB08168
6492,DB08169
6493,DB08170
6494,DB08171
6495,DB08172
6496,DB08173
6497,DB08174
6498,DB08175
6499,DB08176
6500,DB08177
6501,DB08178
6502,DB08179
6503,DB08180
6504,DB08181
6505,DB08182
6506,DB08184
6507,DB08185
6508,DB08186
6509,DB08187
6510,DB08188
6511,DB08190
6512,DB08191
6513,DB08192
6514,DB08193
6515,DB08194
6516,DB08195
6517,DB08196
6518,DB08197
6519,DB08198
6520,DB08199
6521,DB08200
6522,DB08201
6523,DB08202
6524,DB08203
6525,DB08204
6526,DB08205
6527,DB08206
6528,DB08207
6529,DB08208
6530,DB08209
6531,DB08210
6532,DB08211
6533,DB08212
6534,DB08213
6535,DB08214
6536,DB08215
6537,DB08216
6538,DB08217
6539,DB08218
6540,DB08219
6541,DB08220
6542,DB08221
6543,DB08222
6544,DB08223
6545,DB08224
6546,DB08226
6547,DB08227
6548,DB08228
6549,DB08229
6550,DB08230
6551,DB08231
6552,DB08232
6553,DB08233
6554,DB08234
6555,DB08235
6556,DB08236
6557,DB08237
6558,DB08238
6559,DB08239
6560,DB08240
6561,DB08241
6562,DB08242
6563,DB08244
6564,DB08245
6565,DB08246
6566,DB08247
6567,DB08248
6568,DB08249
6569,DB08250
6570,DB08251
6571,DB08252
6572,DB08253
6573,DB08254
6574,DB08255
6575,DB08256
6576,DB08257
6577,DB08258
6578,DB08259
6579,DB08260
6580,DB08261
6581,DB08262
6582,DB08263
6583,DB08264
6584,DB08265
6585,DB08266
6586,DB08267
6587,DB08268
6588,DB08270
6589,DB08271
6590,DB08272
6591,DB08273
6592,DB08274
6593,DB08275
6594,DB08277
6595,DB08278
6596,DB08279
6597,DB08280
6598,DB08281
6599,DB08282
6600,DB08283
6601,DB08284
6602,DB08285
6603,DB08286
6604,DB08287
6605,DB08288
6606,DB08289
6607,DB08291
6608,DB08292
6609,DB08293
6610,DB08294
6611,DB08295
6612,DB08296
6613,DB08297
6614,DB08299
6615,DB08300
6616,DB08301
6617,DB08302
6618,DB08303
6619,DB08304
6620,DB08305
6621,DB08306
6622,DB08307
6623,DB08308
6624,DB08309
6625,DB08310
6626,DB08312
6627,DB08313
6628,DB08314
6629,DB08315
6630,DB08316
6631,DB08317
6632,DB08318
6633,DB08319
6634,DB08320
6635,DB08321
6636,DB08322
6637,DB08323
6638,DB08324
6639,DB08325
6640,DB08326
6641,DB08327
6642,DB08328
6643,DB08329
6644,DB08330
6645,DB08331
6646,DB08332
6647,DB08333
6648,DB08334
6649,DB08335
6650,DB08336
6651,DB08337
6652,DB08338
6653,DB08339
6654,DB08340
6655,DB08341
6656,DB08342
6657,DB08344
6658,DB08345
6659,DB08346
6660,DB08347
6661,DB08348
6662,DB08349
6663,DB08350
6664,DB08351
6665,DB08352
6666,DB08353
6667,DB08354
6668,DB08355
6669,DB08356
6670,DB08357
6671,DB08358
6672,DB08359
6673,DB08360
6674,DB08361
6675,DB08362
6676,DB08363
6677,DB08364
6678,DB08365
6679,DB08366
6680,DB08367
6681,DB08368
6682,DB08369
6683,DB08370
6684,DB08371
6685,DB08372
6686,DB08373
6687,DB08374
6688,DB08375
6689,DB08376
6690,DB08377
6691,DB08378
6692,DB08379
6693,DB08382
6694,DB08383
6695,DB08384
6696,DB08385
6697,DB08386
6698,DB08387
6699,DB08388
6700,DB08389
6701,DB08390
6702,DB08391
6703,DB08392
6704,DB08393
6705,DB08394
6706,DB08395
6707,DB08396
6708,DB08397
6709,DB08398
6710,DB08399
6711,DB08400
6712,DB08401
6713,DB08402
6714,DB08403
6715,DB08404
6716,DB08405
6717,DB08406
6718,DB08407
6719,DB08408
6720,DB08409
6721,DB08410
6722,DB08411
6723,DB08412
6724,DB08413
6725,DB08414
6726,DB08416
6727,DB08418
6728,DB08419
6729,DB08420
6730,DB08421
6731,DB08422
6732,DB08423
6733,DB08424
6734,DB08426
6735,DB08427
6736,DB08428
6737,DB08429
6738,DB08430
6739,DB08431
6740,DB08432
6741,DB08433
6742,DB08434
6743,DB08435
6744,DB08436
6745,DB08437
6746,DB08438
6747,DB08439
6748,DB08440
6749,DB08441
6750,DB08442
6751,DB08443
6752,DB08444
6753,DB08445
6754,DB08446
6755,DB08447
6756,DB08448
6757,DB08449
6758,DB08450
6759,DB08451
6760,DB08453
6761,DB08454
6762,DB08455
6763,DB08456
6764,DB08457
6765,DB08458
6766,DB08459
6767,DB08460
6768,DB08461
6769,DB08462
6770,DB08463
6771,DB08464
6772,DB08465
6773,DB08466
6774,DB08467
6775,DB08469
6776,DB08470
6777,DB08471
6778,DB08472
6779,DB08473
6780,DB08474
6781,DB08475
6782,DB08476
6783,DB08478
6784,DB08479
6785,DB08480
6786,DB08481
6787,DB08482
6788,DB08484
6789,DB08485
6790,DB08486
6791,DB08487
6792,DB08488
6793,DB08489
6794,DB08490
6795,DB08491
6796,DB08492
6797,DB08493
6798,DB08494
6799,DB08495
6800,DB08496
6801,DB08497
6802,DB08498
6803,DB08499
6804,DB08500
6805,DB08501
6806,DB08502
6807,DB08503
6808,DB08504
6809,DB08505
6810,DB08506
6811,DB08507
6812,DB08508
6813,DB08509
6814,DB08510
6815,DB08511
6816,DB08512
6817,DB08513
6818,DB08514
6819,DB08515
6820,DB08516
6821,DB08517
6822,DB08519
6823,DB08520
6824,DB08521
6825,DB08522
6826,DB08523
6827,DB08524
6828,DB08525
6829,DB08526
6830,DB08527
6831,DB08528
6832,DB08529
6833,DB08530
6834,DB08531
6835,DB08532
6836,DB08533
6837,DB08534
6838,DB08535
6839,DB08536
6840,DB08537
6841,DB08538
6842,DB08539
6843,DB08540
6844,DB08541
6845,DB08542
6846,DB08543
6847,DB08544
6848,DB08545
6849,DB08546
6850,DB08547
6851,DB08548
6852,DB08549
6853,DB08550
6854,DB08551
6855,DB08552
6856,DB08553
6857,DB08554
6858,DB08555
6859,DB08556
6860,DB08557
6861,DB08558
6862,DB08559
6863,DB08560
6864,DB08561
6865,DB08562
6866,DB08564
6867,DB08565
6868,DB08566
6869,DB08568
6870,DB08569
6871,DB08570
6872,DB08571
6873,DB08572
6874,DB08573
6875,DB08574
6876,DB08575
6877,DB08576
6878,DB08577
6879,DB08578
6880,DB08579
6881,DB08580
6882,DB08581
6883,DB08582
6884,DB08583
6885,DB08585
6886,DB08586
6887,DB08587
6888,DB08588
6889,DB08589
6890,DB08590
6891,DB08591
6892,DB08593
6893,DB08594
6894,DB08595
6895,DB08596
6896,DB08597
6897,DB08598
6898,DB08599
6899,DB08600
6900,DB08601
6901,DB08602
6902,DB08603
6903,DB08604
6904,DB08605
6905,DB08606
6906,DB08607
6907,DB08608
6908,DB08609
6909,DB08610
6910,DB08611
6911,DB08612
6912,DB08613
6913,DB08614
6914,DB08615
6915,DB08617
6916,DB08618
6917,DB08619
6918,DB08620
6919,DB08621
6920,DB08622
6921,DB08623
6922,DB08624
6923,DB08626
6924,DB08627
6925,DB08628
6926,DB08629
6927,DB08631
6928,DB08632
6929,DB08633
6930,DB08634
6931,DB08635
6932,DB08636
6933,DB08637
6934,DB08638
6935,DB08639
6936,DB08640
6937,DB08641
6938,DB08642
6939,DB08643
6940,DB08644
6941,DB08645
6942,DB08646
6943,DB08647
6944,DB08648
6945,DB08649
6946,DB08651
6947,DB08652
6948,DB08653
6949,DB08654
6950,DB08655
6951,DB08656
6952,DB08657
6953,DB08658
6954,DB08659
6955,DB08660
6956,DB08661
6957,DB08662
6958,DB08663
6959,DB08664
6960,DB08665
6961,DB08666
6962,DB08667
6963,DB08668
6964,DB08669
6965,DB08670
6966,DB08671
6967,DB08672
6968,DB08673
6969,DB08674
6970,DB08675
6971,DB08676
6972,DB08677
6973,DB08678
6974,DB08680
6975,DB08681
6976,DB08682
6977,DB08683
6978,DB08684
6979,DB08685
6980,DB08686
6981,DB08687
6982,DB08688
6983,DB08689
6984,DB08690
6985,DB08691
6986,DB08692
6987,DB08693
6988,DB08694
6989,DB08695
6990,DB08697
6991,DB08698
6992,DB08699
6993,DB08701
6994,DB08702
6995,DB08703
6996,DB08704
6997,DB08705
6998,DB08706
6999,DB08707
7000,DB08708
7001,DB08709
7002,DB08710
7003,DB08711
7004,DB08712
7005,DB08713
7006,DB08714
7007,DB08715
7008,DB08717
7009,DB08718
7010,DB08719
7011,DB08720
7012,DB08721
7013,DB08722
7014,DB08723
7015,DB08724
7016,DB08725
7017,DB08726
7018,DB08727
7019,DB08728
7020,DB08729
7021,DB08730
7022,DB08731
7023,DB08732
7024,DB08733
7025,DB08734
7026,DB08735
7027,DB08736
7028,DB08737
7029,DB08738
7030,DB08739
7031,DB08740
7032,DB08741
7033,DB08742
7034,DB08743
7035,DB08744
7036,DB08745
7037,DB08746
7038,DB08747
7039,DB08748
7040,DB08749
7041,DB08750
7042,DB08751
7043,DB08752
7044,DB08753
7045,DB08754
7046,DB08755
7047,DB08756
7048,DB08757
7049,DB08758
7050,DB08759
7051,DB08760
7052,DB08761
7053,DB08762
7054,DB08763
7055,DB08765
7056,DB08766
7057,DB08767
7058,DB08768
7059,DB08770
7060,DB08771
7061,DB08772
7062,DB08773
7063,DB08774
7064,DB08775
7065,DB08776
7066,DB08777
7067,DB08778
7068,DB08779
7069,DB08780
7070,DB08781
7071,DB08782
7072,DB08783
7073,DB08784
7074,DB08785
7075,DB08786
7076,DB08787
7077,DB08788
7078,DB08789
7079,DB08790
7080,DB08791
7081,DB08792
7082,DB08794
7083,DB08795
7084,DB08796
7085,DB08797
7086,DB08798
7087,DB08799
7088,DB08800
7089,DB08801
7090,DB08802
7091,DB08803
7092,DB08804
7093,DB08805
7094,DB08806
7095,DB08807
7096,DB08808
7097,DB08809
7098,DB08810
7099,DB08811
7100,DB08814
7101,DB08815
7102,DB08816
7103,DB08818
7104,DB08819
7105,DB08820
7106,DB08822
7107,DB08823
7108,DB08824
7109,DB08826
7110,DB08827
7111,DB08828
7112,DB08830
7113,DB08831
7114,DB08833
7115,DB08834
7116,DB08835
7117,DB08836
7118,DB08837
7119,DB08838
7120,DB08839
7121,DB08840
7122,DB08841
7123,DB08842
7124,DB08843
7125,DB08844
7126,DB08845
7127,DB08846
7128,DB08847
7129,DB08848
7130,DB08849
7131,DB08855
7132,DB08856
7133,DB08858
7134,DB08860
7135,DB08861
7136,DB08864
7137,DB08865
7138,DB08867
7139,DB08868
7140,DB08871
7141,DB08872
7142,DB08873
7143,DB08874
7144,DB08875
7145,DB08877
7146,DB08878
7147,DB08880
7148,DB08881
7149,DB08882
7150,DB08883
7151,DB08884
7152,DB08887
7153,DB08889
7154,DB08890
7155,DB08891
7156,DB08892
7157,DB08893
7158,DB08895
7159,DB08896
7160,DB08897
7161,DB08899
7162,DB08901
7163,DB08903
7164,DB08905
7165,DB08906
7166,DB08907
7167,DB08908
7168,DB08909
7169,DB08910
7170,DB08911
7171,DB08912
7172,DB08913
7173,DB08915
7174,DB08916
7175,DB08918
7176,DB08921
7177,DB08922
7178,DB08924
7179,DB08925
7180,DB08926
7181,DB08927
7182,DB08928
7183,DB08930
7184,DB08931
7185,DB08932
7186,DB08933
7187,DB08934
7188,DB08936
7189,DB08938
7190,DB08939
7191,DB08940
7192,DB08941
7193,DB08942
7194,DB08943
7195,DB08944
7196,DB08945
7197,DB08946
7198,DB08947
7199,DB08948
7200,DB08949
7201,DB08950
7202,DB08951
7203,DB08952
7204,DB08953
7205,DB08954
7206,DB08955
7207,DB08956
7208,DB08957
7209,DB08958
7210,DB08960
7211,DB08961
7212,DB08962
7213,DB08963
7214,DB08964
7215,DB08965
7216,DB08966
7217,DB08967
7218,DB08968
7219,DB08969
7220,DB08970
7221,DB08971
7222,DB08972
7223,DB08973
7224,DB08974
7225,DB08975
7226,DB08976
7227,DB08978
7228,DB08979
7229,DB08980
7230,DB08981
7231,DB08982
7232,DB08983
7233,DB08984
7234,DB08985
7235,DB08986
7236,DB08987
7237,DB08988
7238,DB08989
7239,DB08990
7240,DB08991
7241,DB08992
7242,DB08993
7243,DB08994
7244,DB08995
7245,DB08996
7246,DB08997
7247,DB08998
7248,DB08999
7249,DB09000
7250,DB09001
7251,DB09002
7252,DB09003
7253,DB09004
7254,DB09006
7255,DB09007
7256,DB09008
7257,DB09009
7258,DB09010
7259,DB09011
7260,DB09012
7261,DB09013
7262,DB09014
7263,DB09015
7264,DB09017
7265,DB09018
7266,DB09019
7267,DB09020
7268,DB09021
7269,DB09022
7270,DB09023
7271,DB09026
7272,DB09027
7273,DB09028
7274,DB09030
7275,DB09031
7276,DB09034
7277,DB09038
7278,DB09039
7279,DB09040
7280,DB09041
7281,DB09042
7282,DB09047
7283,DB09048
7284,DB09049
7285,DB09050
7286,DB09053
7287,DB09054
7288,DB09055
7289,DB09056
7290,DB09059
7291,DB09060
7292,DB09061
7293,DB09062
7294,DB09063
7295,DB09064
7296,DB09065
7297,DB09068
7298,DB09069
7299,DB09070
7300,DB09071
7301,DB09072
7302,DB09073
7303,DB09074
7304,DB09075
7305,DB09076
7306,DB09078
7307,DB09079
7308,DB09080
7309,DB09081
7310,DB09082
7311,DB09083
7312,DB09084
7313,DB09085
7314,DB09086
7315,DB09087
7316,DB09088
7317,DB09089
7318,DB09090
7319,DB09091
7320,DB09092
7321,DB09093
7322,DB09094
7323,DB09095
7324,DB09096
7325,DB09097
7326,DB09099
7327,DB09101
7328,DB09102
7329,DB09104
7330,DB09110
7331,DB09112
7332,DB09114
7333,DB09115
7334,DB09116
7335,DB09117
7336,DB09118
7337,DB09119
7338,DB09120
7339,DB09121
7340,DB09123
7341,DB09124
7342,DB09125
7343,DB09128
7344,DB09129
7345,DB09130
7346,DB09131
7347,DB09132
7348,DB09133
7349,DB09134
7350,DB09135
7351,DB09136
7352,DB09137
7353,DB09138
7354,DB09139
7355,DB09140
7356,DB09143
7357,DB09144
7358,DB09145
7359,DB09146
7360,DB09147
7361,DB09148
7362,DB09149
7363,DB09151
7364,DB09152
7365,DB09153
7366,DB09154
7367,DB09155
7368,DB09156
7369,DB09157
7370,DB09158
7371,DB09160
7372,DB09161
7373,DB09164
7374,DB09165
7375,DB09166
7376,DB09167
7377,DB09168
7378,DB09169
7379,DB09170
7380,DB09171
7381,DB09172
7382,DB09173
7383,DB09174
7384,DB09175
7385,DB09177
7386,DB09178
7387,DB09179
7388,DB09180
7389,DB09181
7390,DB09182
7391,DB09183
7392,DB09184
7393,DB09185
7394,DB09186
7395,DB09187
7396,DB09188
7397,DB09189
7398,DB09190
7399,DB09191
7400,DB09192
7401,DB09193
7402,DB09194
7403,DB09195
7404,DB09196
7405,DB09197
7406,DB09198
7407,DB09199
7408,DB09200
7409,DB09201
7410,DB09202
7411,DB09203
7412,DB09204
7413,DB09205
7414,DB09206
7415,DB09207
7416,DB09209
7417,DB09210
7418,DB09211
7419,DB09212
7420,DB09213
7421,DB09214
7422,DB09215
7423,DB09216
7424,DB09217
7425,DB09218
7426,DB09219
7427,DB09220
7428,DB09221
7429,DB09223
7430,DB09224
7431,DB09225
7432,DB09226
7433,DB09227
7434,DB09229
7435,DB09230
7436,DB09231
7437,DB09232
7438,DB09233
7439,DB09234
7440,DB09235
7441,DB09236
7442,DB09237
7443,DB09238
7444,DB09239
7445,DB09240
7446,DB09241
7447,DB09242
7448,DB09243
7449,DB09244
7450,DB09245
7451,DB09246
7452,DB09247
7453,DB09248
7454,DB09249
7455,DB09250
7456,DB09251
7457,DB09252
7458,DB09253
7459,DB09254
7460,DB09256
7461,DB09257
7462,DB09262
7463,DB09267
7464,DB09268
7465,DB09269
7466,DB09270
7467,DB09271
7468,DB09272
7469,DB09273
7470,DB09274
7471,DB09275
7472,DB09276
7473,DB09277
7474,DB09278
7475,DB09279
7476,DB09280
7477,DB09281
7478,DB09282
7479,DB09283
7480,DB09284
7481,DB09285
7482,DB09286
7483,DB09288
7484,DB09289
7485,DB09290
7486,DB09291
7487,DB09292
7488,DB09293
7489,DB09295
7490,DB09296
7491,DB09297
7492,DB09298
7493,DB09299
7494,DB09300
7495,DB09304
7496,DB09305
7497,DB09306
7498,DB09307
7499,DB09308
7500,DB09309
7501,DB09313
7502,DB09314
7503,DB09315
7504,DB09316
7505,DB09319
7506,DB09320
7507,DB09321
7508,DB09322
7509,DB09324
7510,DB09325
7511,DB09326
7512,DB09327
7513,DB09330
7514,DB09332
7515,DB09333
7516,DB09335
7517,DB09338
7518,DB09340
7519,DB09342
7520,DB09343
7521,DB09345
7522,DB09346
7523,DB09347
7524,DB09348
7525,DB09350
7526,DB09351
7527,DB09352
7528,DB09353
7529,DB09355
7530,DB09357
7531,DB09361
7532,DB09364
7533,DB09366
7534,DB09370
7535,DB09371
7536,DB09372
7537,DB09374
7538,DB09376
7539,DB09377
7540,DB09378
7541,DB09380
7542,DB09382
7543,DB09383
7544,DB09387
7545,DB09388
7546,DB09389
7547,DB09394
7548,DB09395
7549,DB09397
7550,DB09398
7551,DB09400
7552,DB09401
7553,DB09403
7554,DB09406
7555,DB09407
7556,DB09409
7557,DB09411
7558,DB09413
7559,DB09414
7560,DB09415
7561,DB09418
7562,DB09419
7563,DB09420
7564,DB09421
7565,DB09425
7566,DB09436
7567,DB09443
7568,DB09448
7569,DB09449
7570,DB09459
7571,DB09460
7572,DB09461
7573,DB09462
7574,DB09472
7575,DB09473
7576,DB09477
7577,DB09479
7578,DB09480
7579,DB09481
7580,DB09483
7581,DB09484
7582,DB09487
7583,DB09488
7584,DB09490
7585,DB09494
7586,DB09495
7587,DB09496
7588,DB09498
7589,DB09499
7590,DB09501
7591,DB09502
7592,DB09510
7593,DB09511
7594,DB09512
7595,DB09513
7596,DB09516
7597,DB09517
7598,DB09526
7599,DB09531
7600,DB09534
7601,DB09535
7602,DB09536
7603,DB09543
7604,DB09546
7605,DB09550
7606,DB09552
7607,DB09555
7608,DB09561
7609,DB09563
7610,DB09570
7611,DB09571
7612,DB11056
7613,DB11062
7614,DB11064
7615,DB11068
7616,DB11071
7617,DB11072
7618,DB11073
7619,DB11079
7620,DB11080
7621,DB11081
7622,DB11085
7623,DB11089
7624,DB11090
7625,DB11091
7626,DB11092
7627,DB11093
7628,DB11096
7629,DB11098
7630,DB11100
7631,DB11102
7632,DB11104
7633,DB11107
7634,DB11109
7635,DB11110
7636,DB11115
7637,DB11117
7638,DB11119
7639,DB11121
7640,DB11123
7641,DB11125
7642,DB11126
7643,DB11127
7644,DB11128
7645,DB11129
7646,DB11132
7647,DB11134
7648,DB11135
7649,DB11136
7650,DB11137
7651,DB11140
7652,DB11141
7653,DB11142
7654,DB11145
7655,DB11148
7656,DB11150
7657,DB11151
7658,DB11153
7659,DB11154
7660,DB11155
7661,DB11156
7662,DB11157
7663,DB11159
7664,DB11160
7665,DB11164
7666,DB11168
7667,DB11171
7668,DB11174
7669,DB11175
7670,DB11176
7671,DB11179
7672,DB11180
7673,DB11181
7674,DB11182
7675,DB11183
7676,DB11184
7677,DB11185
7678,DB11186
7679,DB11189
7680,DB11190
7681,DB11191
7682,DB11192
7683,DB11195
7684,DB11197
7685,DB11200
7686,DB11201
7687,DB11203
7688,DB11204
7689,DB11205
7690,DB11206
7691,DB11207
7692,DB11210
7693,DB11211
7694,DB11217
7695,DB11219
7696,DB11220
7697,DB11221
7698,DB11226
7699,DB11231
7700,DB11233
7701,DB11235
7702,DB11239
7703,DB11244
7704,DB11246
7705,DB11248
7706,DB11250
7707,DB11254
7708,DB11255
7709,DB11256
7710,DB11257
7711,DB11259
7712,DB11260
7713,DB11262
7714,DB11263
7715,DB11264
7716,DB11267
7717,DB11268
7718,DB11269
7719,DB11272
7720,DB11273
7721,DB11274
7722,DB11275
7723,DB11278
7724,DB11279
7725,DB11281
7726,DB11282
7727,DB11283
7728,DB11284
7729,DB11285
7730,DB11288
7731,DB11290
7732,DB11291
7733,DB11296
7734,DB11297
7735,DB11299
7736,DB11304
7737,DB11309
7738,DB11315
7739,DB11318
7740,DB11323
7741,DB11324
7742,DB11326
7743,DB11327
7744,DB11328
7745,DB11331
7746,DB11332
7747,DB11335
7748,DB11336
7749,DB11337
7750,DB11340
7751,DB11342
7752,DB11343
7753,DB11344
7754,DB11345
7755,DB11346
7756,DB11348
7757,DB11349
7758,DB11359
7759,DB11362
7760,DB11363
7761,DB11364
7762,DB11365
7763,DB11366
7764,DB11367
7765,DB11368
7766,DB11369
7767,DB11371
7768,DB11372
7769,DB11373
7770,DB11374
7771,DB11375
7772,DB11376
7773,DB11377
7774,DB11378
7775,DB11379
7776,DB11380
7777,DB11382
7778,DB11383
7779,DB11385
7780,DB11386
7781,DB11387
7782,DB11389
7783,DB11390
7784,DB11392
7785,DB11393
7786,DB11394
7787,DB11395
7788,DB11396
7789,DB11397
7790,DB11398
7791,DB11399
7792,DB11400
7793,DB11401
7794,DB11404
7795,DB11405
7796,DB11408
7797,DB11409
7798,DB11410
7799,DB11411
7800,DB11412
7801,DB11413
7802,DB11414
7803,DB11416
7804,DB11417
7805,DB11419
7806,DB11420
7807,DB11421
7808,DB11423
7809,DB11424
7810,DB11425
7811,DB11426
7812,DB11427
7813,DB11428
7814,DB11429
7815,DB11430
7816,DB11431
7817,DB11432
7818,DB11433
7819,DB11434
7820,DB11436
7821,DB11437
7822,DB11438
7823,DB11440
7824,DB11441
7825,DB11442
7826,DB11443
7827,DB11446
7828,DB11447
7829,DB11448
7830,DB11449
7831,DB11450
7832,DB11451
7833,DB11452
7834,DB11453
7835,DB11454
7836,DB11455
7837,DB11456
7838,DB11457
7839,DB11458
7840,DB11459
7841,DB11460
7842,DB11461
7843,DB11462
7844,DB11463
7845,DB11464
7846,DB11466
7847,DB11467
7848,DB11468
7849,DB11470
7850,DB11471
7851,DB11472
7852,DB11473
7853,DB11474
7854,DB11475
7855,DB11476
7856,DB11477
7857,DB11478
7858,DB11479
7859,DB11480
7860,DB11481
7861,DB11485
7862,DB11487
7863,DB11490
7864,DB11491
7865,DB11493
7866,DB11495
7867,DB11496
7868,DB11497
7869,DB11499
7870,DB11501
7871,DB11502
7872,DB11504
7873,DB11505
7874,DB11507
7875,DB11509
7876,DB11510
7877,DB11511
7878,DB11512
7879,DB11513
7880,DB11516
7881,DB11517
7882,DB11518
7883,DB11519
7884,DB11520
7885,DB11521
7886,DB11522
7887,DB11525
7888,DB11526
7889,DB11528
7890,DB11529
7891,DB11530
7892,DB11531
7893,DB11534
7894,DB11537
7895,DB11540
7896,DB11541
7897,DB11542
7898,DB11543
7899,DB11544
7900,DB11545
7901,DB11547
7902,DB11549
7903,DB11551
7904,DB11552
7905,DB11554
7906,DB11555
7907,DB11556
7908,DB11558
7909,DB11560
7910,DB11561
7911,DB11562
7912,DB11570
7913,DB11573
7914,DB11574
7915,DB11575
7916,DB11576
7917,DB11577
7918,DB11581
7919,DB11582
7920,DB11583
7921,DB11584
7922,DB11585
7923,DB11586
7924,DB11587
7925,DB11588
7926,DB11589
7927,DB11590
7928,DB11591
7929,DB11592
7930,DB11593
7931,DB11594
7932,DB11596
7933,DB11602
7934,DB11609
7935,DB11610
7936,DB11611
7937,DB11613
7938,DB11614
7939,DB11616
7940,DB11617
7941,DB11618
7942,DB11619
7943,DB11620
7944,DB11622
7945,DB11623
7946,DB11625
7947,DB11628
7948,DB11629
7949,DB11630
7950,DB11632
7951,DB11633
7952,DB11636
7953,DB11637
7954,DB11638
7955,DB11640
7956,DB11641
7957,DB11642
7958,DB11644
7959,DB11645
7960,DB11647
7961,DB11648
7962,DB11649
7963,DB11650
7964,DB11651
7965,DB11652
7966,DB11654
7967,DB11655
7968,DB11656
7969,DB11658
7970,DB11659
7971,DB11660
7972,DB11662
7973,DB11663
7974,DB11664
7975,DB11665
7976,DB11666
7977,DB11667
7978,DB11669
7979,DB11670
7980,DB11671
7981,DB11672
7982,DB11673
7983,DB11674
7984,DB11675
7985,DB11676
7986,DB11677
7987,DB11678
7988,DB11679
7989,DB11681
7990,DB11682
7991,DB11683
7992,DB11684
7993,DB11686
7994,DB11687
7995,DB11688
7996,DB11689
7997,DB11691
7998,DB11692
7999,DB11693
8000,DB11694
8001,DB11695
8002,DB11696
8003,DB11697
8004,DB11698
8005,DB11699
8006,DB11700
8007,DB11701
8008,DB11702
8009,DB11703
8010,DB11704
8011,DB11705
8012,DB11706
8013,DB11708
8014,DB11709
8015,DB11710
8016,DB11711
8017,DB11712
8018,DB11713
8019,DB11716
8020,DB11717
8021,DB11718
8022,DB11719
8023,DB11720
8024,DB11721
8025,DB11723
8026,DB11724
8027,DB11725
8028,DB11726
8029,DB11729
8030,DB11730
8031,DB11732
8032,DB11734
8033,DB11735
8034,DB11736
8035,DB11737
8036,DB11738
8037,DB11739
8038,DB11740
8039,DB11741
8040,DB11742
8041,DB11743
8042,DB11744
8043,DB11745
8044,DB11747
8045,DB11748
8046,DB11749
8047,DB11750
8048,DB11751
8049,DB11752
8050,DB11753
8051,DB11755
8052,DB11757
8053,DB11758
8054,DB11759
8055,DB11760
8056,DB11761
8057,DB11762
8058,DB11763
8059,DB11764
8060,DB11765
8061,DB11766
8062,DB11768
8063,DB11769
8064,DB11770
8065,DB11772
8066,DB11773
8067,DB11774
8068,DB11775
8069,DB11778
8070,DB11779
8071,DB11780
8072,DB11781
8073,DB11782
8074,DB11783
8075,DB11784
8076,DB11785
8077,DB11786
8078,DB11787
8079,DB11789
8080,DB11790
8081,DB11791
8082,DB11792
8083,DB11793
8084,DB11794
8085,DB11795
8086,DB11796
8087,DB11797
8088,DB11798
8089,DB11799
8090,DB11800
8091,DB11801
8092,DB11804
8093,DB11805
8094,DB11806
8095,DB11807
8096,DB11808
8097,DB11809
8098,DB11810
8099,DB11811
8100,DB11812
8101,DB11813
8102,DB11814
8103,DB11815
8104,DB11816
8105,DB11817
8106,DB11818
8107,DB11819
8108,DB11820
8109,DB11821
8110,DB11822
8111,DB11823
8112,DB11824
8113,DB11825
8114,DB11827
8115,DB11828
8116,DB11829
8117,DB11830
8118,DB11831
8119,DB11832
8120,DB11833
8121,DB11835
8122,DB11836
8123,DB11837
8124,DB11838
8125,DB11839
8126,DB11841
8127,DB11843
8128,DB11844
8129,DB11845
8130,DB11846
8131,DB11847
8132,DB11848
8133,DB11851
8134,DB11852
8135,DB11853
8136,DB11855
8137,DB11858
8138,DB11859
8139,DB11860
8140,DB11861
8141,DB11863
8142,DB11864
8143,DB11865
8144,DB11867
8145,DB11868
8146,DB11869
8147,DB11870
8148,DB11871
8149,DB11872
8150,DB11873
8151,DB11874
8152,DB11875
8153,DB11876
8154,DB11877
8155,DB11878
8156,DB11879
8157,DB11880
8158,DB11881
8159,DB11882
8160,DB11883
8161,DB11885
8162,DB11886
8163,DB11888
8164,DB11889
8165,DB11890
8166,DB11891
8167,DB11892
8168,DB11893
8169,DB11894
8170,DB11896
8171,DB11898
8172,DB11899
8173,DB11900
8174,DB11901
8175,DB11902
8176,DB11903
8177,DB11904
8178,DB11905
8179,DB11906
8180,DB11907
8181,DB11909
8182,DB11910
8183,DB11911
8184,DB11912
8185,DB11913
8186,DB11915
8187,DB11916
8188,DB11917
8189,DB11918
8190,DB11919
8191,DB11920
8192,DB11921
8193,DB11922
8194,DB11923
8195,DB11924
8196,DB11925
8197,DB11927
8198,DB11929
8199,DB11932
8200,DB11933
8201,DB11934
8202,DB11935
8203,DB11936
8204,DB11937
8205,DB11938
8206,DB11939
8207,DB11940
8208,DB11941
8209,DB11942
8210,DB11943
8211,DB11944
8212,DB11946
8213,DB11947
8214,DB11948
8215,DB11949
8216,DB11950
8217,DB11951
8218,DB11952
8219,DB11953
8220,DB11954
8221,DB11956
8222,DB11957
8223,DB11958
8224,DB11960
8225,DB11961
8226,DB11962
8227,DB11963
8228,DB11964
8229,DB11965
8230,DB11966
8231,DB11967
8232,DB11968
8233,DB11969
8234,DB11970
8235,DB11971
8236,DB11973
8237,DB11974
8238,DB11977
8239,DB11978
8240,DB11979
8241,DB11980
8242,DB11981
8243,DB11982
8244,DB11984
8245,DB11985
8246,DB11986
8247,DB11987
8248,DB11989
8249,DB11990
8250,DB11991
8251,DB11992
8252,DB11993
8253,DB11994
8254,DB11995
8255,DB11996
8256,DB11998
8257,DB11999
8258,DB12000
8259,DB12001
8260,DB12002
8261,DB12004
8262,DB12005
8263,DB12006
8264,DB12007
8265,DB12008
8266,DB12009
8267,DB12010
8268,DB12011
8269,DB12012
8270,DB12013
8271,DB12015
8272,DB12016
8273,DB12017
8274,DB12019
8275,DB12020
8276,DB12021
8277,DB12022
8278,DB12024
8279,DB12025
8280,DB12026
8281,DB12027
8282,DB12028
8283,DB12029
8284,DB12030
8285,DB12032
8286,DB12035
8287,DB12036
8288,DB12037
8289,DB12039
8290,DB12040
8291,DB12041
8292,DB12042
8293,DB12043
8294,DB12044
8295,DB12045
8296,DB12046
8297,DB12047
8298,DB12048
8299,DB12049
8300,DB12050
8301,DB12051
8302,DB12052
8303,DB12054
8304,DB12055
8305,DB12057
8306,DB12058
8307,DB12059
8308,DB12060
8309,DB12061
8310,DB12062
8311,DB12063
8312,DB12064
8313,DB12065
8314,DB12066
8315,DB12067
8316,DB12068
8317,DB12069
8318,DB12070
8319,DB12071
8320,DB12072
8321,DB12073
8322,DB12074
8323,DB12076
8324,DB12078
8325,DB12079
8326,DB12080
8327,DB12081
8328,DB12082
8329,DB12083
8330,DB12084
8331,DB12085
8332,DB12086
8333,DB12087
8334,DB12088
8335,DB12091
8336,DB12092
8337,DB12093
8338,DB12094
8339,DB12095
8340,DB12096
8341,DB12097
8342,DB12098
8343,DB12099
8344,DB12100
8345,DB12101
8346,DB12105
8347,DB12106
8348,DB12107
8349,DB12108
8350,DB12109
8351,DB12110
8352,DB12111
8353,DB12112
8354,DB12113
8355,DB12114
8356,DB12115
8357,DB12116
8358,DB12117
8359,DB12120
8360,DB12121
8361,DB12122
8362,DB12123
8363,DB12124
8364,DB12125
8365,DB12126
8366,DB12127
8367,DB12128
8368,DB12129
8369,DB12130
8370,DB12131
8371,DB12133
8372,DB12134
8373,DB12135
8374,DB12137
8375,DB12138
8376,DB12139
8377,DB12140
8378,DB12141
8379,DB12143
8380,DB12144
8381,DB12145
8382,DB12146
8383,DB12147
8384,DB12148
8385,DB12149
8386,DB12150
8387,DB12151
8388,DB12153
8389,DB12154
8390,DB12155
8391,DB12156
8392,DB12158
8393,DB12160
8394,DB12161
8395,DB12162
8396,DB12163
8397,DB12165
8398,DB12167
8399,DB12168
8400,DB12170
8401,DB12172
8402,DB12173
8403,DB12174
8404,DB12176
8405,DB12177
8406,DB12178
8407,DB12179
8408,DB12180
8409,DB12181
8410,DB12183
8411,DB12184
8412,DB12185
8413,DB12186
8414,DB12187
8415,DB12188
8416,DB12190
8417,DB12191
8418,DB12192
8419,DB12193
8420,DB12194
8421,DB12195
8422,DB12196
8423,DB12197
8424,DB12198
8425,DB12199
8426,DB12200
8427,DB12201
8428,DB12203
8429,DB12204
8430,DB12206
8431,DB12207
8432,DB12209
8433,DB12210
8434,DB12211
8435,DB12212
8436,DB12214
8437,DB12216
8438,DB12218
8439,DB12219
8440,DB12220
8441,DB12221
8442,DB12222
8443,DB12223
8444,DB12224
8445,DB12225
8446,DB12226
8447,DB12227
8448,DB12228
8449,DB12229
8450,DB12230
8451,DB12231
8452,DB12232
8453,DB12233
8454,DB12234
8455,DB12235
8456,DB12236
8457,DB12237
8458,DB12238
8459,DB12239
8460,DB12241
8461,DB12242
8462,DB12243
8463,DB12244
8464,DB12245
8465,DB12247
8466,DB12248
8467,DB12251
8468,DB12252
8469,DB12253
8470,DB12254
8471,DB12255
8472,DB12257
8473,DB12260
8474,DB12262
8475,DB12263
8476,DB12264
8477,DB12265
8478,DB12266
8479,DB12267
8480,DB12268
8481,DB12269
8482,DB12270
8483,DB12271
8484,DB12272
8485,DB12273
8486,DB12275
8487,DB12276
8488,DB12278
8489,DB12279
8490,DB12280
8491,DB12282
8492,DB12283
8493,DB12284
8494,DB12285
8495,DB12286
8496,DB12287
8497,DB12288
8498,DB12289
8499,DB12290
8500,DB12291
8501,DB12292
8502,DB12293
8503,DB12295
8504,DB12297
8505,DB12298
8506,DB12299
8507,DB12300
8508,DB12301
8509,DB12302
8510,DB12303
8511,DB12305
8512,DB12306
8513,DB12307
8514,DB12308
8515,DB12309
8516,DB12310
8517,DB12311
8518,DB12312
8519,DB12313
8520,DB12314
8521,DB12316
8522,DB12318
8523,DB12319
8524,DB12321
8525,DB12322
8526,DB12323
8527,DB12325
8528,DB12326
8529,DB12327
8530,DB12328
8531,DB12329
8532,DB12332
8533,DB12333
8534,DB12334
8535,DB12336
8536,DB12337
8537,DB12338
8538,DB12339
8539,DB12340
8540,DB12341
8541,DB12343
8542,DB12345
8543,DB12347
8544,DB12348
8545,DB12350
8546,DB12351
8547,DB12352
8548,DB12353
8549,DB12354
8550,DB12355
8551,DB12357
8552,DB12358
8553,DB12359
8554,DB12360
8555,DB12361
8556,DB12362
8557,DB12364
8558,DB12365
8559,DB12367
8560,DB12368
8561,DB12369
8562,DB12370
8563,DB12371
8564,DB12375
8565,DB12376
8566,DB12377
8567,DB12378
8568,DB12379
8569,DB12380
8570,DB12381
8571,DB12382
8572,DB12383
8573,DB12384
8574,DB12385
8575,DB12387
8576,DB12388
8577,DB12389
8578,DB12390
8579,DB12391
8580,DB12392
8581,DB12393
8582,DB12394
8583,DB12395
8584,DB12397
8585,DB12398
8586,DB12399
8587,DB12400
8588,DB12401
8589,DB12402
8590,DB12403
8591,DB12404
8592,DB12405
8593,DB12406
8594,DB12407
8595,DB12408
8596,DB12410
8597,DB12411
8598,DB12412
8599,DB12414
8600,DB12415
8601,DB12416
8602,DB12417
8603,DB12418
8604,DB12419
8605,DB12420
8606,DB12422
8607,DB12423
8608,DB12424
8609,DB12425
8610,DB12426
8611,DB12427
8612,DB12428
8613,DB12429
8614,DB12432
8615,DB12433
8616,DB12434
8617,DB12435
8618,DB12436
8619,DB12438
8620,DB12439
8621,DB12440
8622,DB12441
8623,DB12442
8624,DB12443
8625,DB12444
8626,DB12445
8627,DB12446
8628,DB12447
8629,DB12448
8630,DB12449
8631,DB12450
8632,DB12451
8633,DB12452
8634,DB12454
8635,DB12455
8636,DB12457
8637,DB12458
8638,DB12459
8639,DB12461
8640,DB12462
8641,DB12463
8642,DB12464
8643,DB12465
8644,DB12466
8645,DB12467
8646,DB12468
8647,DB12470
8648,DB12471
8649,DB12472
8650,DB12473
8651,DB12474
8652,DB12475
8653,DB12476
8654,DB12477
8655,DB12478
8656,DB12479
8657,DB12480
8658,DB12481
8659,DB12482
8660,DB12483
8661,DB12484
8662,DB12485
8663,DB12486
8664,DB12487
8665,DB12491
8666,DB12492
8667,DB12493
8668,DB12494
8669,DB12495
8670,DB12497
8671,DB12499
8672,DB12500
8673,DB12501
8674,DB12504
8675,DB12505
8676,DB12506
8677,DB12507
8678,DB12508
8679,DB12509
8680,DB12510
8681,DB12511
8682,DB12512
8683,DB12513
8684,DB12514
8685,DB12515
8686,DB12517
8687,DB12518
8688,DB12519
8689,DB12521
8690,DB12522
8691,DB12523
8692,DB12524
8693,DB12526
8694,DB12527
8695,DB12528
8696,DB12529
8697,DB12531
8698,DB12532
8699,DB12533
8700,DB12535
8701,DB12536
8702,DB12537
8703,DB12538
8704,DB12539
8705,DB12540
8706,DB12541
8707,DB12542
8708,DB12543
8709,DB12545
8710,DB12547
8711,DB12548
8712,DB12549
8713,DB12550
8714,DB12551
8715,DB12553
8716,DB12554
8717,DB12555
8718,DB12556
8719,DB12557
8720,DB12558
8721,DB12559
8722,DB12561
8723,DB12562
8724,DB12563
8725,DB12564
8726,DB12565
8727,DB12566
8728,DB12567
8729,DB12569
8730,DB12570
8731,DB12571
8732,DB12572
8733,DB12573
8734,DB12574
8735,DB12575
8736,DB12576
8737,DB12577
8738,DB12579
8739,DB12580
8740,DB12581
8741,DB12582
8742,DB12585
8743,DB12586
8744,DB12587
8745,DB12588
8746,DB12590
8747,DB12591
8748,DB12592
8749,DB12593
8750,DB12594
8751,DB12596
8752,DB12597
8753,DB12598
8754,DB12601
8755,DB12602
8756,DB12604
8757,DB12605
8758,DB12606
8759,DB12608
8760,DB12610
8761,DB12611
8762,DB12612
8763,DB12613
8764,DB12614
8765,DB12615
8766,DB12617
8767,DB12618
8768,DB12619
8769,DB12622
8770,DB12623
8771,DB12624
8772,DB12625
8773,DB12627
8774,DB12628
8775,DB12629
8776,DB12630
8777,DB12631
8778,DB12632
8779,DB12633
8780,DB12635
8781,DB12637
8782,DB12638
8783,DB12640
8784,DB12641
8785,DB12642
8786,DB12643
8787,DB12645
8788,DB12647
8789,DB12648
8790,DB12649
8791,DB12650
8792,DB12651
8793,DB12654
8794,DB12655
8795,DB12657
8796,DB12658
8797,DB12659
8798,DB12660
8799,DB12661
8800,DB12662
8801,DB12663
8802,DB12664
8803,DB12665
8804,DB12666
8805,DB12667
8806,DB12668
8807,DB12669
8808,DB12670
8809,DB12671
8810,DB12672
8811,DB12673
8812,DB12674
8813,DB12675
8814,DB12676
8815,DB12677
8816,DB12678
8817,DB12679
8818,DB12680
8819,DB12681
8820,DB12682
8821,DB12685
8822,DB12686
8823,DB12687
8824,DB12689
8825,DB12690
8826,DB12691
8827,DB12692
8828,DB12693
8829,DB12694
8830,DB12695
8831,DB12696
8832,DB12697
8833,DB12700
8834,DB12702
8835,DB12703
8836,DB12704
8837,DB12705
8838,DB12706
8839,DB12707
8840,DB12708
8841,DB12709
8842,DB12710
8843,DB12711
8844,DB12712
8845,DB12713
8846,DB12714
8847,DB12715
8848,DB12716
8849,DB12717
8850,DB12719
8851,DB12720
8852,DB12721
8853,DB12724
8854,DB12725
8855,DB12727
8856,DB12728
8857,DB12729
8858,DB12730
8859,DB12731
8860,DB12732
8861,DB12733
8862,DB12736
8863,DB12739
8864,DB12740
8865,DB12741
8866,DB12742
8867,DB12743
8868,DB12744
8869,DB12745
8870,DB12746
8871,DB12748
8872,DB12749
8873,DB12750
8874,DB12751
8875,DB12752
8876,DB12753
8877,DB12754
8878,DB12755
8879,DB12756
8880,DB12757
8881,DB12758
8882,DB12760
8883,DB12761
8884,DB12762
8885,DB12763
8886,DB12764
8887,DB12765
8888,DB12766
8889,DB12767
8890,DB12769
8891,DB12770
8892,DB12771
8893,DB12774
8894,DB12776
8895,DB12778
8896,DB12779
8897,DB12780
8898,DB12781
8899,DB12782
8900,DB12783
8901,DB12784
8902,DB12785
8903,DB12787
8904,DB12789
8905,DB12791
8906,DB12792
8907,DB12794
8908,DB12795
8909,DB12796
8910,DB12798
8911,DB12799
8912,DB12800
8913,DB12802
8914,DB12803
8915,DB12804
8916,DB12805
8917,DB12806
8918,DB12808
8919,DB12809
8920,DB12810
8921,DB12812
8922,DB12813
8923,DB12816
8924,DB12817
8925,DB12818
8926,DB12819
8927,DB12821
8928,DB12823
8929,DB12825
8930,DB12827
8931,DB12829
8932,DB12830
8933,DB12831
8934,DB12832
8935,DB12833
8936,DB12834
8937,DB12836
8938,DB12837
8939,DB12838
8940,DB12840
8941,DB12843
8942,DB12846
8943,DB12847
8944,DB12848
8945,DB12850
8946,DB12852
8947,DB12853
8948,DB12854
8949,DB12855
8950,DB12856
8951,DB12857
8952,DB12858
8953,DB12859
8954,DB12860
8955,DB12861
8956,DB12863
8957,DB12864
8958,DB12865
8959,DB12866
8960,DB12867
8961,DB12868
8962,DB12869
8963,DB12870
8964,DB12873
8965,DB12874
8966,DB12875
8967,DB12876
8968,DB12877
8969,DB12878
8970,DB12879
8971,DB12881
8972,DB12882
8973,DB12883
8974,DB12884
8975,DB12885
8976,DB12886
8977,DB12887
8978,DB12888
8979,DB12889
8980,DB12890
8981,DB12892
8982,DB12894
8983,DB12895
8984,DB12896
8985,DB12897
8986,DB12899
8987,DB12900
8988,DB12901
8989,DB12902
8990,DB12903
8991,DB12904
8992,DB12905
8993,DB12906
8994,DB12907
8995,DB12910
8996,DB12911
8997,DB12912
8998,DB12914
8999,DB12916
9000,DB12919
9001,DB12920
9002,DB12921
9003,DB12923
9004,DB12924
9005,DB12925
9006,DB12926
9007,DB12927
9008,DB12928
9009,DB12929
9010,DB12930
9011,DB12931
9012,DB12933
9013,DB12934
9014,DB12935
9015,DB12937
9016,DB12938
9017,DB12939
9018,DB12940
9019,DB12941
9020,DB12942
9021,DB12944
9022,DB12945
9023,DB12946
9024,DB12947
9025,DB12948
9026,DB12949
9027,DB12951
9028,DB12952
9029,DB12954
9030,DB12955
9031,DB12957
9032,DB12958
9033,DB12959
9034,DB12960
9035,DB12961
9036,DB12962
9037,DB12963
9038,DB12964
9039,DB12965
9040,DB12966
9041,DB12967
9042,DB12968
9043,DB12969
9044,DB12970
9045,DB12971
9046,DB12972
9047,DB12973
9048,DB12974
9049,DB12975
9050,DB12977
9051,DB12978
9052,DB12979
9053,DB12980
9054,DB12981
9055,DB12982
9056,DB12983
9057,DB12984
9058,DB12985
9059,DB12986
9060,DB12987
9061,DB12988
9062,DB12989
9063,DB12990
9064,DB12991
9065,DB12992
9066,DB12993
9067,DB12994
9068,DB12996
9069,DB12997
9070,DB12998
9071,DB12999
9072,DB13000
9073,DB13001
9074,DB13002
9075,DB13003
9076,DB13004
9077,DB13005
9078,DB13006
9079,DB13008
9080,DB13009
9081,DB13010
9082,DB13011
9083,DB13012
9084,DB13013
9085,DB13014
9086,DB13016
9087,DB13018
9088,DB13019
9089,DB13020
9090,DB13021
9091,DB13022
9092,DB13023
9093,DB13024
9094,DB13025
9095,DB13026
9096,DB13027
9097,DB13028
9098,DB13029
9099,DB13030
9100,DB13031
9101,DB13032
9102,DB13034
9103,DB13035
9104,DB13036
9105,DB13038
9106,DB13039
9107,DB13040
9108,DB13041
9109,DB13042
9110,DB13044
9111,DB13046
9112,DB13047
9113,DB13048
9114,DB13049
9115,DB13050
9116,DB13051
9117,DB13052
9118,DB13053
9119,DB13054
9120,DB13055
9121,DB13056
9122,DB13058
9123,DB13059
9124,DB13060
9125,DB13061
9126,DB13062
9127,DB13063
9128,DB13064
9129,DB13065
9130,DB13066
9131,DB13067
9132,DB13068
9133,DB13069
9134,DB13070
9135,DB13071
9136,DB13072
9137,DB13074
9138,DB13075
9139,DB13076
9140,DB13077
9141,DB13078
9142,DB13080
9143,DB13082
9144,DB13083
9145,DB13084
9146,DB13085
9147,DB13086
9148,DB13087
9149,DB13088
9150,DB13089
9151,DB13090
9152,DB13091
9153,DB13092
9154,DB13093
9155,DB13094
9156,DB13095
9157,DB13096
9158,DB13097
9159,DB13098
9160,DB13099
9161,DB13100
9162,DB13102
9163,DB13103
9164,DB13104
9165,DB13105
9166,DB13106
9167,DB13107
9168,DB13108
9169,DB13109
9170,DB13110
9171,DB13111
9172,DB13113
9173,DB13114
9174,DB13115
9175,DB13116
9176,DB13117
9177,DB13118
9178,DB13119
9179,DB13120
9180,DB13121
9181,DB13122
9182,DB13123
9183,DB13124
9184,DB13125
9185,DB13126
9186,DB13129
9187,DB13132
9188,DB13134
9189,DB13135
9190,DB13136
9191,DB13137
9192,DB13138
9193,DB13139
9194,DB13141
9195,DB13142
9196,DB13143
9197,DB13145
9198,DB13146
9199,DB13153
9200,DB13154
9201,DB13155
9202,DB13156
9203,DB13157
9204,DB13158
9205,DB13160
9206,DB13163
9207,DB13164
9208,DB13165
9209,DB13166
9210,DB13167
9211,DB13169
9212,DB13170
9213,DB13171
9214,DB13174
9215,DB13175
9216,DB13177
9217,DB13178
9218,DB13179
9219,DB13180
9220,DB13181
9221,DB13182
9222,DB13183
9223,DB13185
9224,DB13190
9225,DB13191
9226,DB13202
9227,DB13203
9228,DB13204
9229,DB13205
9230,DB13206
9231,DB13207
9232,DB13208
9233,DB13209
9234,DB13210
9235,DB13211
9236,DB13212
9237,DB13213
9238,DB13214
9239,DB13215
9240,DB13216
9241,DB13217
9242,DB13218
9243,DB13219
9244,DB13220
9245,DB13221
9246,DB13222
9247,DB13223
9248,DB13224
9249,DB13225
9250,DB13226
9251,DB13227
9252,DB13228
9253,DB13229
9254,DB13230
9255,DB13231
9256,DB13232
9257,DB13233
9258,DB13234
9259,DB13235
9260,DB13236
9261,DB13237
9262,DB13238
9263,DB13239
9264,DB13240
9265,DB13242
9266,DB13243
9267,DB13244
9268,DB13245
9269,DB13246
9270,DB13247
9271,DB13248
9272,DB13249
9273,DB13250
9274,DB13251
9275,DB13252
9276,DB13253
9277,DB13254
9278,DB13255
9279,DB13256
9280,DB13257
9281,DB13258
9282,DB13259
9283,DB13261
9284,DB13262
9285,DB13264
9286,DB13265
9287,DB13266
9288,DB13267
9289,DB13268
9290,DB13269
9291,DB13270
9292,DB13272
9293,DB13273
9294,DB13274
9295,DB13275
9296,DB13276
9297,DB13277
9298,DB13278
9299,DB13279
9300,DB13280
9301,DB13282
9302,DB13283
9303,DB13284
9304,DB13285
9305,DB13286
9306,DB13288
9307,DB13289
9308,DB13290
9309,DB13291
9310,DB13292
9311,DB13294
9312,DB13296
9313,DB13297
9314,DB13298
9315,DB13300
9316,DB13303
9317,DB13304
9318,DB13305
9319,DB13306
9320,DB13307
9321,DB13308
9322,DB13309
9323,DB13310
9324,DB13311
9325,DB13312
9326,DB13313
9327,DB13314
9328,DB13315
9329,DB13316
9330,DB13317
9331,DB13318
9332,DB13319
9333,DB13320
9334,DB13321
9335,DB13322
9336,DB13323
9337,DB13324
9338,DB13325
9339,DB13326
9340,DB13327
9341,DB13328
9342,DB13329
9343,DB13330
9344,DB13331
9345,DB13332
9346,DB13333
9347,DB13334
9348,DB13335
9349,DB13336
9350,DB13337
9351,DB13338
9352,DB13339
9353,DB13340
9354,DB13341
9355,DB13342
9356,DB13343
9357,DB13344
9358,DB13345
9359,DB13346
9360,DB13347
9361,DB13348
9362,DB13349
9363,DB13350
9364,DB13351
9365,DB13352
9366,DB13353
9367,DB13354
9368,DB13355
9369,DB13356
9370,DB13357
9371,DB13358
9372,DB13359
9373,DB13360
9374,DB13361
9375,DB13362
9376,DB13363
9377,DB13364
9378,DB13366
9379,DB13367
9380,DB13368
9381,DB13369
9382,DB13370
9383,DB13371
9384,DB13373
9385,DB13374
9386,DB13376
9387,DB13377
9388,DB13378
9389,DB13379
9390,DB13380
9391,DB13381
9392,DB13382
9393,DB13383
9394,DB13384
9395,DB13386
9396,DB13387
9397,DB13388
9398,DB13389
9399,DB13391
9400,DB13392
9401,DB13393
9402,DB13394
9403,DB13395
9404,DB13396
9405,DB13397
9406,DB13398
9407,DB13399
9408,DB13400
9409,DB13401
9410,DB13402
9411,DB13403
9412,DB13404
9413,DB13405
9414,DB13406
9415,DB13407
9416,DB13408
9417,DB13409
9418,DB13410
9419,DB13411
9420,DB13412
9421,DB13413
9422,DB13414
9423,DB13415
9424,DB13416
9425,DB13417
9426,DB13418
9427,DB13419
9428,DB13420
9429,DB13421
9430,DB13422
9431,DB13423
9432,DB13424
9433,DB13425
9434,DB13427
9435,DB13428
9436,DB13429
9437,DB13430
9438,DB13431
9439,DB13432
9440,DB13433
9441,DB13434
9442,DB13435
9443,DB13436
9444,DB13437
9445,DB13438
9446,DB13439
9447,DB13441
9448,DB13442
9449,DB13443
9450,DB13444
9451,DB13445
9452,DB13448
9453,DB13449
9454,DB13451
9455,DB13452
9456,DB13453
9457,DB13454
9458,DB13455
9459,DB13456
9460,DB13457
9461,DB13458
9462,DB13459
9463,DB13460
9464,DB13461
9465,DB13462
9466,DB13463
9467,DB13465
9468,DB13466
9469,DB13467
9470,DB13468
9471,DB13469
9472,DB13470
9473,DB13471
9474,DB13472
9475,DB13473
9476,DB13474
9477,DB13475
9478,DB13476
9479,DB13478
9480,DB13479
9481,DB13481
9482,DB13482
9483,DB13483
9484,DB13484
9485,DB13485
9486,DB13486
9487,DB13487
9488,DB13488
9489,DB13489
9490,DB13490
9491,DB13491
9492,DB13493
9493,DB13494
9494,DB13495
9495,DB13496
9496,DB13497
9497,DB13499
9498,DB13500
9499,DB13501
9500,DB13502
9501,DB13504
9502,DB13505
9503,DB13506
9504,DB13507
9505,DB13508
9506,DB13509
9507,DB13510
9508,DB13511
9509,DB13512
9510,DB13513
9511,DB13514
9512,DB13515
9513,DB13516
9514,DB13519
9515,DB13520
9516,DB13522
9517,DB13523
9518,DB13524
9519,DB13526
9520,DB13527
9521,DB13528
9522,DB13529
9523,DB13530
9524,DB13531
9525,DB13532
9526,DB13533
9527,DB13534
9528,DB13536
9529,DB13537
9530,DB13538
9531,DB13539
9532,DB13540
9533,DB13541
9534,DB13542
9535,DB13543
9536,DB13544
9537,DB13545
9538,DB13546
9539,DB13547
9540,DB13548
9541,DB13549
9542,DB13550
9543,DB13551
9544,DB13552
9545,DB13553
9546,DB13554
9547,DB13555
9548,DB13556
9549,DB13557
9550,DB13558
9551,DB13559
9552,DB13561
9553,DB13563
9554,DB13564
9555,DB13565
9556,DB13566
9557,DB13567
9558,DB13568
9559,DB13569
9560,DB13571
9561,DB13572
9562,DB13573
9563,DB13574
9564,DB13575
9565,DB13576
9566,DB13577
9567,DB13578
9568,DB13579
9569,DB13580
9570,DB13581
9571,DB13582
9572,DB13583
9573,DB13584
9574,DB13585
9575,DB13586
9576,DB13587
9577,DB13588
9578,DB13590
9579,DB13591
9580,DB13592
9581,DB13593
9582,DB13595
9583,DB13596
9584,DB13597
9585,DB13598
9586,DB13599
9587,DB13600
9588,DB13601
9589,DB13602
9590,DB13603
9591,DB13604
9592,DB13605
9593,DB13606
9594,DB13607
9595,DB13608
9596,DB13609
9597,DB13610
9598,DB13611
9599,DB13612
9600,DB13613
9601,DB13614
9602,DB13615
9603,DB13616
9604,DB13617
9605,DB13618
9606,DB13619
9607,DB13620
9608,DB13621
9609,DB13622
9610,DB13623
9611,DB13624
9612,DB13625
9613,DB13626
9614,DB13627
9615,DB13628
9616,DB13629
9617,DB13630
9618,DB13631
9619,DB13632
9620,DB13634
9621,DB13635
9622,DB13636
9623,DB13637
9624,DB13638
9625,DB13639
9626,DB13640
9627,DB13641
9628,DB13642
9629,DB13643
9630,DB13644
9631,DB13645
9632,DB13648
9633,DB13649
9634,DB13650
9635,DB13651
9636,DB13652
9637,DB13653
9638,DB13654
9639,DB13655
9640,DB13656
9641,DB13657
9642,DB13659
9643,DB13660
9644,DB13661
9645,DB13662
9646,DB13663
9647,DB13664
9648,DB13665
9649,DB13666
9650,DB13667
9651,DB13668
9652,DB13669
9653,DB13670
9654,DB13671
9655,DB13672
9656,DB13673
9657,DB13674
9658,DB13675
9659,DB13676
9660,DB13677
9661,DB13678
9662,DB13679
9663,DB13680
9664,DB13681
9665,DB13682
9666,DB13683
9667,DB13684
9668,DB13685
9669,DB13686
9670,DB13687
9671,DB13689
9672,DB13690
9673,DB13691
9674,DB13692
9675,DB13693
9676,DB13694
9677,DB13695
9678,DB13696
9679,DB13697
9680,DB13698
9681,DB13699
9682,DB13701
9683,DB13702
9684,DB13703
9685,DB13705
9686,DB13706
9687,DB13707
9688,DB13708
9689,DB13709
9690,DB13710
9691,DB13711
9692,DB13712
9693,DB13713
9694,DB13714
9695,DB13715
9696,DB13716
9697,DB13717
9698,DB13718
9699,DB13719
9700,DB13720
9701,DB13721
9702,DB13722
9703,DB13723
9704,DB13724
9705,DB13725
9706,DB13726
9707,DB13727
9708,DB13728
9709,DB13729
9710,DB13730
9711,DB13731
9712,DB13732
9713,DB13733
9714,DB13736
9715,DB13737
9716,DB13738
9717,DB13739
9718,DB13740
9719,DB13741
9720,DB13742
9721,DB13743
9722,DB13744
9723,DB13745
9724,DB13746
9725,DB13747
9726,DB13748
9727,DB13749
9728,DB13750
9729,DB13751
9730,DB13752
9731,DB13753
9732,DB13754
9733,DB13755
9734,DB13756
9735,DB13757
9736,DB13758
9737,DB13759
9738,DB13760
9739,DB13762
9740,DB13763
9741,DB13764
9742,DB13765
9743,DB13766
9744,DB13767
9745,DB13768
9746,DB13769
9747,DB13770
9748,DB13771
9749,DB13772
9750,DB13773
9751,DB13774
9752,DB13775
9753,DB13776
9754,DB13777
9755,DB13778
9756,DB13779
9757,DB13780
9758,DB13781
9759,DB13782
9760,DB13783
9761,DB13784
9762,DB13785
9763,DB13786
9764,DB13787
9765,DB13788
9766,DB13789
9767,DB13790
9768,DB13791
9769,DB13792
9770,DB13793
9771,DB13794
9772,DB13795
9773,DB13796
9774,DB13797
9775,DB13798
9776,DB13799
9777,DB13800
9778,DB13801
9779,DB13802
9780,DB13803
9781,DB13804
9782,DB13805
9783,DB13806
9784,DB13807
9785,DB13808
9786,DB13810
9787,DB13812
9788,DB13813
9789,DB13814
9790,DB13815
9791,DB13816
9792,DB13817
9793,DB13818
9794,DB13819
9795,DB13820
9796,DB13821
9797,DB13822
9798,DB13823
9799,DB13824
9800,DB13825
9801,DB13826
9802,DB13827
9803,DB13828
9804,DB13829
9805,DB13830
9806,DB13831
9807,DB13832
9808,DB13833
9809,DB13834
9810,DB13835
9811,DB13836
9812,DB13837
9813,DB13838
9814,DB13839
9815,DB13840
9816,DB13841
9817,DB13842
9818,DB13843
9819,DB13844
9820,DB13845
9821,DB13846
9822,DB13847
9823,DB13848
9824,DB13849
9825,DB13850
9826,DB13851
9827,DB13852
9828,DB13853
9829,DB13854
9830,DB13855
9831,DB13856
9832,DB13857
9833,DB13858
9834,DB13860
9835,DB13861
9836,DB13862
9837,DB13863
9838,DB13865
9839,DB13866
9840,DB13867
9841,DB13868
9842,DB13869
9843,DB13871
9844,DB13872
9845,DB13873
9846,DB13874
9847,DB13875
9848,DB13876
9849,DB13877
9850,DB13878
9851,DB13879
9852,DB13882
9853,DB13908
9854,DB13909
9855,DB13910
9856,DB13911
9857,DB13912
9858,DB13914
9859,DB13916
9860,DB13917
9861,DB13918
9862,DB13919
9863,DB13920
9864,DB13921
9865,DB13925
9866,DB13927
9867,DB13929
9868,DB13930
9869,DB13931
9870,DB13934
9871,DB13935
9872,DB13936
9873,DB13937
9874,DB13938
9875,DB13939
9876,DB13940
9877,DB13941
9878,DB13943
9879,DB13944
9880,DB13946
9881,DB13947
9882,DB13948
9883,DB13949
9884,DB13950
9885,DB13951
9886,DB13952
9887,DB13953
9888,DB13954
9889,DB13955
9890,DB13956
9891,DB13957
9892,DB13958
9893,DB13960
9894,DB13962
9895,DB13963
9896,DB13966
9897,DB13967
9898,DB13969
9899,DB13970
9900,DB13971
9901,DB13972
9902,DB13977
9903,DB13978
9904,DB13980
9905,DB13981
9906,DB13982
9907,DB13983
9908,DB13984
9909,DB13985
9910,DB13987
9911,DB13988
9912,DB13989
9913,DB13990
9914,DB13991
9915,DB13992
9916,DB13993
9917,DB13994
9918,DB13995
9919,DB13996
9920,DB13997
9921,DB14000
9922,DB14001
9923,DB14002
9924,DB14006
9925,DB14007
9926,DB14008
9927,DB14010
9928,DB14011
9929,DB14013
9930,DB14014
9931,DB14015
9932,DB14017
9933,DB14018
9934,DB14019
9935,DB14020
9936,DB14025
9937,DB14026
9938,DB14027
9939,DB14028
9940,DB14029
9941,DB14030
9942,DB14031
9943,DB14033
9944,DB14034
9945,DB14035
9946,DB14037
9947,DB14038
9948,DB14043
9949,DB14044
9950,DB14045
9951,DB14048
9952,DB14049
9953,DB14050
9954,DB14052
9955,DB14054
9956,DB14055
9957,DB14056
9958,DB14057
9959,DB14058
9960,DB14059
9961,DB14060
9962,DB14061
9963,DB14062
9964,DB14063
9965,DB14064
9966,DB14065
9967,DB14066
9968,DB14067
9969,DB14068
9970,DB14069
9971,DB14070
9972,DB14071
9973,DB14072
9974,DB14073
9975,DB14074
9976,DB14075
9977,DB14077
9978,DB14078
9979,DB14079
9980,DB14080
9981,DB14081
9982,DB14082
9983,DB14083
9984,DB14084
9985,DB14085
9986,DB14086
9987,DB14088
9988,DB14089
9989,DB14090
9990,DB14092
9991,DB14093
9992,DB14094
9993,DB14096
9994,DB14097
9995,DB14098
9996,DB14099
9997,DB14102
9998,DB14103
9999,DB14104
10000,DB14105
10001,DB14106
10002,DB14107
10003,DB14108
10004,DB14109
10005,DB14110
10006,DB14111
10007,DB14116
10008,DB14119
10009,DB14120
10010,DB14121
10011,DB14122
10012,DB14123
10013,DB14125
10014,DB14126
10015,DB14127
10016,DB14128
10017,DB14129
10018,DB14130
10019,DB14132
10020,DB14134
10021,DB14135
10022,DB14136
10023,DB14137
10024,DB14138
10025,DB14141
10026,DB14143
10027,DB14144
10028,DB14146
10029,DB14149
10030,DB14150
10031,DB14151
10032,DB14154
10033,DB14156
10034,DB14159
10035,DB14160
10036,DB14173
10037,DB14174
10038,DB14175
10039,DB14176
10040,DB14177
10041,DB14178
10042,DB14180
10043,DB14182
10044,DB14183
10045,DB14184
10046,DB14185
10047,DB14186
10048,DB14187
10049,DB14188
10050,DB14189
10051,DB14191
10052,DB14193
10053,DB14194
10054,DB14195
10055,DB14196
10056,DB14197
10057,DB14198
10058,DB14199
10059,DB14200
10060,DB14201
10061,DB14202
10062,DB14203
10063,DB14204
10064,DB14205
10065,DB14206
10066,DB14207
10067,DB14208
10068,DB14209
10069,DB14210
10070,DB14212
10071,DB14213
10072,DB14214
10073,DB14217
10074,DB14218
10075,DB14219
10076,DB14221
10077,DB14227
10078,DB14228
10079,DB14232
10080,DB14471
10081,DB14474
10082,DB14475
10083,DB14476
10084,DB14477
10085,DB14479
10086,DB14480
10087,DB14481
10088,DB14482
10089,DB14483
10090,DB14484
10091,DB14485
10092,DB14486
10093,DB14487
10094,DB14488
10095,DB14489
10096,DB14490
10097,DB14491
10098,DB14492
10099,DB14493
10100,DB14494
10101,DB14495
10102,DB14496
10103,DB14497
10104,DB14498
10105,DB14499
10106,DB14500
10107,DB14501
10108,DB14502
10109,DB14505
10110,DB14506
10111,DB14507
10112,DB14508
10113,DB14509
10114,DB14510
10115,DB14511
10116,DB14512
10117,DB14513
10118,DB14514
10119,DB14515
10120,DB14516
10121,DB14517
10122,DB14518
10123,DB14519
10124,DB14520
10125,DB14521
10126,DB14522
10127,DB14523
10128,DB14524
10129,DB14525
10130,DB14526
10131,DB14527
10132,DB14528
10133,DB14529
10134,DB14530
10135,DB14531
10136,DB14532
10137,DB14533
10138,DB14534
10139,DB14535
10140,DB14536
10141,DB14537
10142,DB14538
10143,DB14539
10144,DB14540
10145,DB14541
10146,DB14542
10147,DB14543
10148,DB14544
10149,DB14545
10150,DB14546
10151,DB14547
10152,DB14549
10153,DB14550
10154,DB14551
10155,DB14552
10156,DB14553
10157,DB14554
10158,DB14555
10159,DB14556
10160,DB14557
10161,DB14568
10162,DB14569
10163,DB14570
10164,DB14571
10165,DB14572
10166,DB14573
10167,DB14574
10168,DB14575
10169,DB14576
10170,DB14577
10171,DB14578
10172,DB14579
10173,DB14581
10174,DB14583
10175,DB14584
10176,DB14589
10177,DB14596
10178,DB14598
10179,DB14599
10180,DB14600
10181,DB14622
10182,DB14623
10183,DB14624
10184,DB14625
10185,DB14626
10186,DB14627
10187,DB14628
10188,DB14629
10189,DB14630
10190,DB14631
10191,DB14632
10192,DB14633
10193,DB14634
10194,DB14635
10195,DB14636
10196,DB14637
10197,DB14638
10198,DB14639
10199,DB14640
10200,DB14641
10201,DB14642
10202,DB14643
10203,DB14644
10204,DB14645
10205,DB14646
10206,DB14647
10207,DB14648
10208,DB14649
10209,DB14650
10210,DB14651
10211,DB14652
10212,DB14653
10213,DB14654
10214,DB14655
10215,DB14656
10216,DB14657
10217,DB14658
10218,DB14659
10219,DB14660
10220,DB14661
10221,DB14662
10222,DB14663
10223,DB14664
10224,DB14665
10225,DB14666
10226,DB14667
10227,DB14668
10228,DB14669
10229,DB14670
10230,DB14671
10231,DB14672
10232,DB14673
10233,DB14674
10234,DB14675
10235,DB14676
10236,DB14677
10237,DB14678
10238,DB14679
10239,DB14680
10240,DB14681
10241,DB14682
10242,DB14683
10243,DB14695
10244,DB14701
10245,DB14702
10246,DB14703
10247,DB14704
10248,DB14705
10249,DB14706
10250,DB14708
10251,DB14714
10252,DB14715
10253,DB14716
10254,DB14717
10255,DB14718
10256,DB14719
10257,DB14720
10258,DB14722
10259,DB14723
10260,DB14725
10261,DB14726
10262,DB14727
10263,DB14728
10264,DB14729
10265,DB14732
10266,DB14733
10267,DB14734
10268,DB14735
10269,DB14736
10270,DB14737
10271,DB14739
10272,DB14746
10273,DB14750
10274,DB14752
10275,DB14753
10276,DB14754
10277,DB14755
10278,DB14756
10279,DB14760
10280,DB14761
10281,DB14763
10282,DB14765
10283,DB14766
10284,DB14768
10285,DB14769
10286,DB14770
10287,DB14772
10288,DB14773
10289,DB14774
10290,DB14775
10291,DB14777
10292,DB14779
10293,DB14783
10294,DB14785
10295,DB14786
10296,DB14787
10297,DB14790
10298,DB14791
10299,DB14792
10300,DB14793
10301,DB14795
10302,DB14799
10303,DB14801
10304,DB14802
10305,DB14803
10306,DB14804
10307,DB14805
10308,DB14806
10309,DB14808
10310,DB14810
10311,DB14813
10312,DB14814
10313,DB14815
10314,DB14820
10315,DB14821
10316,DB14822
10317,DB14823
10318,DB14826
10319,DB14828
10320,DB14829
10321,DB14830
10322,DB14835
10323,DB14839
10324,DB14840
10325,DB14841
10326,DB14842
10327,DB14844
10328,DB14845
10329,DB14846
10330,DB14849
10331,DB14850
10332,DB14854
10333,DB14855
10334,DB14856
10335,DB14857
10336,DB14859
10337,DB14860
10338,DB14862
10339,DB14866
10340,DB14867
10341,DB14868
10342,DB14869
10343,DB14870
10344,DB14872
10345,DB14875
10346,DB14876
10347,DB14878
10348,DB14879
10349,DB14881
10350,DB14882
10351,DB14883
10352,DB14885
10353,DB14886
10354,DB14887
10355,DB14888
10356,DB14889
10357,DB14890
10358,DB14894
10359,DB14895
10360,DB14896
10361,DB14898
10362,DB14899
10363,DB14900
10364,DB14902
10365,DB14903
10366,DB14904
10367,DB14906
10368,DB14909
10369,DB14911
10370,DB14913
10371,DB14914
10372,DB14916
10373,DB14917
10374,DB14918
10375,DB14921
10376,DB14923
10377,DB14924
10378,DB14925
10379,DB14929
10380,DB14930
10381,DB14932
10382,DB14933
10383,DB14934
10384,DB14935
10385,DB14936
10386,DB14937
10387,DB14938
10388,DB14940
10389,DB14941
10390,DB14942
10391,DB14943
10392,DB14944
10393,DB14945
10394,DB14946
10395,DB14948
10396,DB14949
10397,DB14950
10398,DB14955
10399,DB14957
10400,DB14961
10401,DB14965
10402,DB14966
10403,DB14969
10404,DB14970
10405,DB14971
10406,DB14972
10407,DB14973
10408,DB14974
10409,DB14975
10410,DB14976
10411,DB14977
10412,DB14978
10413,DB14979
10414,DB14980
10415,DB14981
10416,DB14982
10417,DB14983
10418,DB14985
10419,DB14986
10420,DB14987
10421,DB14989
10422,DB14993
10423,DB14995
10424,DB14998
10425,DB15003
10426,DB15006
10427,DB15008
10428,DB15009
10429,DB15010
10430,DB15011
10431,DB15012
10432,DB15013
10433,DB15016
10434,DB15021
10435,DB15023
10436,DB15024
10437,DB15026
10438,DB15027
10439,DB15028
10440,DB15029
10441,DB15031
10442,DB15033
10443,DB15034
10444,DB15035
10445,DB15036
10446,DB15038
10447,DB15039
10448,DB15040
10449,DB15041
10450,DB15046
10451,DB15047
10452,DB15048
10453,DB15049
10454,DB15050
10455,DB15051
10456,DB15052
10457,DB15054
10458,DB15055
10459,DB15056
10460,DB15057
10461,DB15058
10462,DB15059
10463,DB15062
10464,DB15063
10465,DB15065
10466,DB15068
10467,DB15071
10468,DB15073
10469,DB15075
10470,DB15078
10471,DB15079
10472,DB15080
10473,DB15084
10474,DB15085
10475,DB15086
10476,DB15087
10477,DB15091
10478,DB15092
10479,DB15096
10480,DB15097
10481,DB15098
10482,DB15099
10483,DB15102
10484,DB15103
10485,DB15105
10486,DB15106
10487,DB15107
10488,DB15108
10489,DB15109
10490,DB15110
10491,DB15111
10492,DB15114
10493,DB15117
10494,DB15120
10495,DB15121
10496,DB15122
10497,DB15123
10498,DB15124
10499,DB15127
10500,DB15130
10501,DB15132
10502,DB15133
10503,DB15134
10504,DB15136
10505,DB15137
10506,DB15138
10507,DB15141
10508,DB15143
10509,DB15144
10510,DB15145
10511,DB15146
10512,DB15147
10513,DB15149
10514,DB15151
10515,DB15152
10516,DB15156
10517,DB15157
10518,DB15161
10519,DB15163
10520,DB15167
10521,DB15168
10522,DB15169
10523,DB15170
10524,DB15173
10525,DB15177
10526,DB15181
10527,DB15183
10528,DB15184
10529,DB15186
10530,DB15187
10531,DB15188
10532,DB15189
10533,DB15190
10534,DB15191
10535,DB15192
10536,DB15193
10537,DB15194
10538,DB15195
10539,DB15196
10540,DB15197
10541,DB15198
10542,DB15199
10543,DB15201
10544,DB15202
10545,DB15203
10546,DB15204
10547,DB15205
10548,DB15206
10549,DB15207
10550,DB15208
10551,DB15209
10552,DB15212
10553,DB15213
10554,DB15214
10555,DB15215
10556,DB15219
10557,DB15220
10558,DB15221
10559,DB15222
10560,DB15224
10561,DB15227
10562,DB15229
10563,DB15230
10564,DB15231
10565,DB15232
10566,DB15233
10567,DB15235
10568,DB15236
10569,DB15237
10570,DB15238
10571,DB15239
10572,DB15241
10573,DB15242
10574,DB15243
10575,DB15244
10576,DB15245
10577,DB15246
10578,DB15247
10579,DB15249
10580,DB15250
10581,DB15251
10582,DB15254
10583,DB15256
10584,DB15257
10585,DB15259
10586,DB15261
10587,DB15264
10588,DB15265
10589,DB15266
10590,DB15268
10591,DB15269
10592,DB15272
10593,DB15273
10594,DB15275
10595,DB15279
10596,DB15281
10597,DB15282
10598,DB15284
10599,DB15286
10600,DB15287
10601,DB15288
10602,DB15289
10603,DB15291
10604,DB15292
10605,DB15293
10606,DB15294
10607,DB15295
10608,DB15296
10609,DB15297
10610,DB15299
10611,DB15300
10612,DB15302
10613,DB15305
10614,DB15307
10615,DB15308
10616,DB15309
10617,DB15310
10618,DB15314
10619,DB15315
10620,DB15316
10621,DB15317
10622,DB15318
10623,DB15319
10624,DB15321
10625,DB15323
10626,DB15324
10627,DB15325
10628,DB15326
10629,DB15327
10630,DB15328
10631,DB15333
10632,DB15334
10633,DB15335
10634,DB15338
10635,DB15339
10636,DB15340
10637,DB15341
10638,DB15343
10639,DB15344
10640,DB15345
10641,DB15346
10642,DB15347
10643,DB15348
10644,DB15350
10645,DB15351
10646,DB15353
10647,DB15355
10648,DB15356
10649,DB15357
10650,DB15358
10651,DB15359
10652,DB15360
10653,DB15361
10654,DB15362
10655,DB15367
10656,DB15371
10657,DB15372
10658,DB15374
10659,DB15377
10660,DB15380
10661,DB15381
10662,DB15382
10663,DB15384
10664,DB15385
10665,DB15391
10666,DB15392
10667,DB15393
10668,DB15394
10669,DB15396
10670,DB15398
10671,DB15399
10672,DB15401
10673,DB15403
10674,DB15405
10675,DB15406
10676,DB15407
10677,DB15408
10678,DB15410
10679,DB15411
10680,DB15412
10681,DB15413
10682,DB15414
10683,DB15416
10684,DB15418
10685,DB15419
10686,DB15422
10687,DB15423
10688,DB15424
10689,DB15425
10690,DB15426
10691,DB15427
10692,DB15429
10693,DB15431
10694,DB15435
10695,DB15436
10696,DB15437
10697,DB15439
10698,DB15440
10699,DB15442
10700,DB15444
10701,DB15445
10702,DB15446
10703,DB15447
10704,DB15448
10705,DB15449
10706,DB15450
10707,DB15454
10708,DB15456
10709,DB15457
10710,DB15458
10711,DB15460
10712,DB15462
10713,DB15463
10714,DB15464
10715,DB15465
10716,DB15466
10717,DB15467
10718,DB15468
10719,DB15469
10720,DB15477
10721,DB15479
10722,DB15480
10723,DB15488
10724,DB15489
10725,DB15490
10726,DB15491
10727,DB15492
10728,DB15493
10729,DB15494
10730,DB15495
10731,DB15496
10732,DB15498
10733,DB15499
10734,DB15527
10735,DB15532
10736,DB15533
10737,DB15534
10738,DB15535
10739,DB15536
10740,DB15550
10741,DB15551
10742,DB15552
10743,DB15553
10744,DB15554
10745,DB15555
10746,DB15556
10747,DB15557
10748,DB15565
10749,DB15566
10750,DB15567
10751,DB15568
10752,DB15569
10753,DB15571
10754,DB15573
10755,DB15574
10756,DB15575
10757,DB15576
10758,DB15578
10759,DB15579
10760,DB15580
10761,DB15581
10762,DB15582
10763,DB15583
10764,DB15584
10765,DB15585
10766,DB15586
10767,DB15587
10768,DB15588
10769,DB15589
10770,DB15590
10771,DB15594
10772,DB15596
10773,DB15597
10774,DB15598
10775,DB15601
10776,DB15609
10777,DB15610
10778,DB15614
10779,DB15617
10780,DB15618
10781,DB15619
10782,DB15622
10783,DB15623
10784,DB15624
10785,DB15630
10786,DB15636
10787,DB15637
10788,DB15638
10789,DB15639
10790,DB15640
10791,DB15641
10792,DB15642
10793,DB15643
10794,DB15644
10795,DB15645
10796,DB15646
10797,DB15647
10798,DB15648
10799,DB15651
10800,DB15652
10801,DB15653
10802,DB15658
10803,DB15659
10804,DB15660
10805,DB15661
10806,DB15662
10807,DB15664
10808,DB15665
10809,DB15666
10810,DB15668
10811,DB15669
10812,DB15670
10813,DB15671
10814,DB15672
10815,DB15673
10816,DB15674
10817,DB15675
10818,DB15678
10819,DB15679
10820,DB15684
10821,DB15685
10822,DB15686
10823,DB15687
10824,DB15688
10825,DB15690
10826,DB15694
10827,DB15720
10828,DB15759
10829,DB15760
10830,DB15761
10831,DB15763
10832,DB15764
10833,DB15774
10834,DB15775
10835,DB15777
10836,DB15778
10837,DB15779
10838,DB15780
10839,DB15782
10840,DB15783
10841,DB15784
10842,DB15785
10843,DB15790
10844,DB15791
10845,DB15793
10846,DB15795
10847,DB15796
10848,DB15797
10849,DB15816
10850,DB15817
10851,DB15818
10852,DB15819
10853,DB15821
10854,DB15822
10855,DB15825
10856,DB15827
10857,DB15830
10858,DB15831
10859,DB15832
10860,DB15833
10861,DB15835
10862,DB15841
10863,DB15842
10864,DB15861
10865,DB15872
10866,DB15873
10867,DB15875
10868,DB15877
10869,DB15878
10870,DB15880
10871,DB15881
10872,DB15882
10873,DB15883
10874,DB15884
10875,DB15885
10876,DB15886
10877,DB15887
10878,DB15888
10879,DB15901
10880,DB15902
10881,DB15903
10882,DB15905
10883,DB15906
10884,DB15907
10885,DB15908
10886,DB15909
10887,DB15911
10888,DB15912
10889,DB15914
10890,DB15915
10891,DB15916
10892,DB15917
10893,DB15918
10894,DB15919
10895,DB15920
10896,DB15921
10897,DB15923
10898,DB15924
10899,DB15925
10900,DB15926
10901,DB15927
10902,DB15929
10903,DB15930
10904,DB15931
10905,DB15932
10906,DB15933
10907,DB15934
10908,DB15942
10909,DB15943
10910,DB15944
10911,DB15945
10912,DB15946
10913,DB15947
10914,DB15948
10915,DB15949
10916,DB15950
10917,DB15951
10918,DB15952
10919,DB15953
10920,DB15954
10921,DB15955
10922,DB15956
10923,DB15957
10924,DB15958
10925,DB15959
10926,DB15960
10927,DB15961
10928,DB15962
10929,DB15963
10930,DB15964
10931,DB15967
10932,DB15968
10933,DB15969
10934,DB15970
10935,DB15971
10936,DB15973
10937,DB15974
10938,DB15975
10939,DB15976
10940,DB15977
10941,DB15978
10942,DB15979
10943,DB15980
10944,DB15981
10945,DB15982
10946,DB15983
10947,DB15984
10948,DB15985
10949,DB15987
10950,DB15988
10951,DB15990
10952,DB15991
10953,DB15992
10954,DB15993
10955,DB15994
10956,DB15995
10957,DB15997
10958,DB15998
10959,DB15999
10960,DB16000
10961,DB16001
10962,DB16002
10963,DB16003
10964,DB16004
10965,DB16005
10966,DB16006
10967,DB16008
10968,DB16009
10969,DB16011
10970,DB16012
10971,DB16013
10972,DB16014
10973,DB16015
10974,DB16016
10975,DB16019
10976,DB16020
10977,DB16021
10978,DB16022
10979,DB16023
10980,DB16024
10981,DB16025
10982,DB16026
10983,DB16027
10984,DB16028
10985,DB16029
10986,DB16030
10987,DB16031
10988,DB16032
10989,DB16033
10990,DB16034
10991,DB16035
10992,DB16036
10993,DB16037
10994,DB16038
10995,DB16039
10996,DB16040
10997,DB16041
10998,DB16042
10999,DB16043
11000,DB16044
11001,DB16045
11002,DB16046
11003,DB16047
11004,DB16048
11005,DB16049
11006,DB16050
11007,DB16051
11008,DB16052
11009,DB16053
11010,DB16054
11011,DB16055
11012,DB16056
11013,DB16057
11014,DB16058
11015,DB16059
11016,DB16060
11017,DB16061
11018,DB16062
11019,DB16063
11020,DB16064
11021,DB16065
11022,DB16066
11023,DB16067
11024,DB16068
11025,DB16069
11026,DB16070
11027,DB16071
11028,DB16072
11029,DB16073
11030,DB16074
11031,DB16075
11032,DB16076
11033,DB16078
11034,DB16079
11035,DB16080
11036,DB16081
11037,DB16083
11038,DB16084
11039,DB16085
11040,DB16087
11041,DB16088
11042,DB16095
11043,DB16097
11044,DB16098
11045,DB16100
11046,DB16101
11047,DB16102
11048,DB16103
11049,DB16106
11050,DB16107
11051,DB16108
11052,DB16109
11053,DB16110
11054,DB16111
11055,DB16112
11056,DB16114
11057,DB16117
11058,DB16118
11059,DB16119
11060,DB16120
11061,DB16122
11062,DB16123
11063,DB16124
11064,DB16125
11065,DB16126
11066,DB16129
11067,DB16130
11068,DB16132
11069,DB16133
11070,DB16134
11071,DB16135
11072,DB16136
11073,DB16137
11074,DB16138
11075,DB16139
11076,DB16141
11077,DB16142
11078,DB16143
11079,DB16144
11080,DB16145
11081,DB16146
11082,DB16147
11083,DB16148
11084,DB16152
11085,DB16153
11086,DB16157
11087,DB16159
11088,DB16160
11089,DB16162
11090,DB16163
11091,DB16164
11092,DB16165
11093,DB16166
11094,DB16167
11095,DB16168
11096,DB16169
11097,DB16171
11098,DB16172
11099,DB16173
11100,DB16176
11101,DB16177
11102,DB16182
11103,DB16183
11104,DB16184
11105,DB16185
11106,DB16186
11107,DB16187
11108,DB16189
11109,DB16191
11110,DB16192
11111,DB16193
11112,DB16194
11113,DB16200
11114,DB16203
11115,DB16204
11116,DB16205
11117,DB16209
11118,DB16212
11119,DB16213
11120,DB16214
11121,DB16215
11122,DB16216
11123,DB16217
11124,DB16218
11125,DB16219
11126,DB16221
11127,DB16223
11128,DB16226
11129,DB16227
11130,DB16228
11131,DB16229
11132,DB16230
11133,DB16231
11134,DB16232
11135,DB16233
11136,DB16234
11137,DB16236
11138,DB16237
11139,DB16238
11140,DB16239
11141,DB16240
11142,DB16241
11143,DB16242
11144,DB16243
11145,DB16244
11146,DB16246
11147,DB16249
11148,DB16250
11149,DB16252
11150,DB16253
11151,DB16254
11152,DB16255
11153,DB16256
11154,DB16259
11155,DB16260
11156,DB16261
11157,DB16262
11158,DB16263
11159,DB16266
11160,DB16267
11161,DB16271
11162,DB16272
11163,DB16273
11164,DB16274
11165,DB16276
11166,DB16277
11167,DB16279
11168,DB16285
11169,DB16287
11170,DB16288
11171,DB16290
11172,DB16291
11173,DB16292
11174,DB16294
11175,DB16295
11176,DB16296
11177,DB16297
11178,DB16299
11179,DB16300
11180,DB16301
11181,DB16302
11182,DB16304
11183,DB16305
11184,DB16306
11185,DB16308
11186,DB16310
11187,DB16312
11188,DB16315
11189,DB16319
11190,DB16320
11191,DB16321
11192,DB16323
11193,DB16324
11194,DB16325
11195,DB16326
11196,DB16330
11197,DB16331
11198,DB16332
11199,DB16333
11200,DB16335
11201,DB16338
11202,DB16339
11203,DB16340
11204,DB16343
11205,DB16344
11206,DB16345
11207,DB16346
11208,DB16347
11209,DB16349
11210,DB16351
11211,DB16353
11212,DB16354
11213,DB16390
11214,DB16397
11215,DB16400
11216,DB16403
11217,DB16404
11218,DB16406
11219,DB16407
11220,DB16408
11221,DB16426
11222,DB16440
11223,DB16446
11224,DB16447
11225,DB16449
11226,DB16458
11227,DB16462
11228,DB16463
11229,DB16466
11230,DB16474
11231,DB16492
11232,DB16495
11233,DB16501
11234,DB16502
11235,DB16506
11236,DB16511
11237,DB16514
11238,DB16515
11239,DB16527
11240,DB16534
11241,DB16535
11242,DB16547
11243,DB16552
11244,DB16554
11245,DB16560
11246,DB16561
11247,DB16567
11248,DB16580
11249,DB16585
11250,DB16587
11251,DB16590
11252,DB16607
11253,DB16608
11254,DB16619
11255,DB16620
11256,DB16621
11257,DB16622
11258,DB16623
11259,DB16624
11260,DB16625
11261,DB16627
11262,DB16628
11263,DB16629
11264,DB16631
11265,DB16634
11266,DB16635
11267,DB16637
11268,DB16640
11269,DB16650
11270,DB16652
11271,DB16656
11272,DB16657
11273,DB16660
11274,DB16683
11275,DB16687
11276,DB16688
11277,DB16690
11278,DB16691
11279,DB16700
11280,DB16702
11281,DB16703
11282,DB16704
11283,DB16707
11284,DB16731
11285,DB16733
11286,DB16734
11287,DB16735
11288,DB16737
11289,DB16739
11290,DB16741
11291,DB16745
11292,DB16754
11293,DB16756
11294,DB16758
11295,DB16759
11296,DB16760
11297,DB16761
11298,DB16762
11299,DB16763
11300,DB16764
11301,DB16765
11302,DB16766
11303,DB16767
11304,DB16768
11305,DB16769
11306,DB16770
11307,DB16771
11308,DB16772
11309,DB16773
11310,DB16774
11311,DB16775
11312,DB16776
11313,DB16821
11314,DB16822
11315,DB16823
11316,DB16824
11317,DB16825
11318,DB16826
11319,DB16827
11320,DB16828
11321,DB16829
11322,DB16830
11323,DB16831
11324,DB16832
11325,DB16833
11326,DB16834
11327,DB16835
11328,DB16836
11329,DB16837
11330,DB16838
11331,DB16839
11332,DB16840
11333,DB16841
11334,DB16842
11335,DB16843
11336,DB16844
11337,DB16845
11338,DB16846
11339,DB16847
11340,DB16848
11341,DB16849
11342,DB16850
11343,DB16851
11344,DB16852
11345,DB16853
11346,DB16854
11347,DB16855
11348,DB16856
11349,DB16857
11350,DB16858
11351,DB16859
11352,DB16860
11353,DB16861
11354,DB16862
11355,DB16863
11356,DB16864
11357,DB16865
11358,DB16866
11359,DB16867
11360,DB16868
11361,DB16869
11362,DB16870
11363,DB16871
11364,DB16872
11365,DB16873
11366,DB16874
11367,DB16875
11368,DB16876
11369,DB16877
11370,DB16878
11371,DB16879
11372,DB16880
11373,DB16881
11374,DB16882
11375,DB16883
11376,DB16884
11377,DB16885
11378,DB16886
11379,DB16887
11380,DB16888
11381,DB16889
11382,DB16890
11383,DB16891
11384,DB16892
11385,DB16893
11386,DB16894
11387,DB16895
11388,DB16896
11389,DB16897
11390,DB16898
11391,DB16906
11392,DB16907
11393,DB16908
11394,DB16909
11395,DB16911
11396,DB16913
11397,DB16921
11398,DB16927
11399,DB16928
11400,DB16929
11401,DB16930
11402,DB16931
11403,DB16932
11404,DB16933
11405,DB16935
11406,DB16936
11407,DB16937
11408,DB16938
11409,DB16939
11410,DB16942
11411,DB16943
11412,DB16944
11413,DB16945
11414,DB16947
11415,DB16948
11416,DB16949
11417,DB16950
11418,DB16951
11419,DB16953
11420,DB16954
11421,DB16955
11422,DB16956
11423,DB16957
11424,DB16961
11425,DB16962
11426,DB16963
11427,DB16965
11428,DB16966
11429,DB16967
11430,DB16968
11431,DB16987
11432,DB16995
11433,DB17015
11434,DB17016
11435,DB17018
11436,DB17020
11437,DB17021
11438,DB17022
11439,DB17023
11440,DB17024
11441,DB17025
11442,DB17026
11443,DB17027
11444,DB17028
11445,DB17029
11446,DB17030
11447,DB17031
11448,DB17032
11449,DB17033
11450,DB17034
11451,DB17035
11452,DB17036
11453,DB17037
11454,DB17038
11455,DB17039
11456,DB17040
11457,DB17041
11458,DB17042
11459,DB17043
11460,DB17044
11461,DB17045
11462,DB17046
11463,DB17047
11464,DB17048
11465,DB17049
11466,DB17050
11467,DB17051
11468,DB17052
11469,DB17053
11470,DB17054
11471,DB17055
11472,DB17056
11473,DB17057
11474,DB17058
11475,DB17059
11476,DB17060
11477,DB17061
11478,DB17062
11479,DB17063
11480,DB17064
11481,DB17065
11482,DB17066
11483,DB17071
11484,DB17074
11485,DB17077
11486,DB17078
11487,DB17079
11488,DB17083
11489,DB17084
11490,DB17094
11491,DB17096
11492,DB17097
11493,DB17099
11494,DB17100
11495,DB17101
11496,DB17102
11497,DB17103
11498,DB17104
11499,DB17105
11500,DB17106
11501,DB17108
11502,DB17109
11503,DB17111
11504,DB17113
11505,DB17114
11506,DB17115
11507,DB17117
11508,DB17118
11509,DB17120
11510,DB17121
11511,DB17127
11512,DB17128
11513,DB17129
11514,DB17131
11515,DB17134
11516,DB17135
11517,DB17136
11518,DB17137
11519,DB17138
11520,DB17139
11521,DB17140
11522,DB17141
11523,DB17142
11524,DB17143
11525,DB17145
11526,DB17146
11527,DB17147
11528,DB17148
11529,DB17149
11530,DB17150
11531,DB17151
11532,DB17152
11533,DB17155
11534,DB17158
11535,DB17159
11536,DB17160
11537,DB17161
11538,DB17163
11539,DB17166
11540,DB17168
11541,DB17170
11542,DB17171
11543,DB17174
11544,DB17180
11545,DB17191
11546,DB17192
11547,DB17193
11548,DB17197
11549,DB17198
11550,DB17199
11551,DB17200
11552,DB17202
11553,DB17219
11554,DB17223
11555,DB17226
11556,DB17234
11557,DB17235
11558,DB17237
11559,DB17240
11560,DB17247
11561,DB17255
11562,DB17257
11563,DB17260
11564,DB17261
11565,DB17263
11566,DB17264
11567,DB17269
11568,DB17270
11569,DB17273
11570,DB17277
11571,DB17278
11572,DB17283
11573,DB17297
11574,DB17298
11575,DB17299
11576,DB17300
11577,DB17304
11578,DB17306
11579,DB17308
11580,DB17309
11581,DB17312
11582,DB17342
11583,DB17352
11584,DB17379
11585,DB17383
11586,DB17384
11587,DB17385
11588,DB17386
11589,DB17390
11590,DB17410
11591,DB17414
11592,DB17418
11593,DB17419
11594,DB17456
11595,DB17472
11596,DB17490
11597,DB17493
11598,DB17499
11599,DB17503
11600,DB17506
11601,DB17507
11602,DB17508
11603,DB17510
11604,DB17516
11605,DB17520
11606,DB17521
11607,DB17525
11608,DB17536
11609,DB17537
11610,DB17543
11611,DB17549
11612,DB17557
11613,DB17560
11614,DB17568
11615,DB17570
11616,DB17576
11617,DB17578
11618,DB17582
11619,DB17584
11620,DB17589
11621,DB17602
11622,DB17603
11623,DB17608
11624,DB17614
11625,DB17619
11626,DB17620
11627,DB17621
11628,DB17622
11629,DB17624
11630,DB17627
11631,DB17636
11632,DB17640
11633,DB17641
11634,DB17662
11635,DB17670
11636,DB17678
11637,DB17689
11638,DB17690
11639,DB17692
11640,DB17693
11641,DB17694
11642,DB17705
11643,DB17706
11644,DB17709
11645,DB17731
11646,DB17733
11647,DB17734
11648,DB17736
11649,DB17737
11650,DB17738
11651,DB17739
11652,DB17740
11653,DB17742
11654,DB17744
11655,DB17749
11656,DB17750
11657,DB17754
11658,DB17756
11659,DB17757
11660,DB17758
11661,DB17759
11662,DB17760
11663,DB17769
11664,DB17770
11665,DB17778
11666,DB17784
11667,DB17796
11668,DB17801
11669,DB17804
11670,DB17805
11671,DB17815
11672,DB17816
11673,DB17820
11674,DB17822
11675,DB17823
11676,DB17825
11677,DB17832
11678,DB17834
11679,DB17837
11680,DB17839
11681,DB17851
11682,DB17856
11683,DB17863
11684,DB17865
11685,DB17872
11686,DB17874
11687,DB17876
11688,DB17877
11689,DB17882
11690,DB17884
11691,DB17892
11692,DB17893
11693,DB17912
11694,DB17919
11695,DB17930
11696,DB17936
11697,DB17938
11698,DB17939
11699,DB17965
11700,DB17969
11701,DB17977
11702,DB17984
11703,DB17985
11704,DB17988
11705,DB17992
11706,DB17993
11707,DB17999
11708,DB18000
11709,DB18002
11710,DB18003
11711,DB18004
11712,DB18005
11713,DB18007
11714,DB18008
11715,DB18009
11716,DB18011
11717,DB18012
11718,DB18013
11719,DB18016
11720,DB18017
11721,DB18018
11722,DB18019
11723,DB18020
11724,DB18022
11725,DB18023
11726,DB18025
11727,DB18028
11728,DB18029
11729,DB18030
11730,DB18031
11731,DB18033
11732,DB18034
11733,DB18035
11734,DB18036
11735,DB18037
11736,DB18038
11737,DB18039
11738,DB18041
11739,DB18042
11740,DB18043
11741,DB18044
11742,DB18046
11743,DB18047
11744,DB18048
11745,DB18049
11746,DB18050
11747,DB18051
11748,DB18052
11749,DB18054
11750,DB18057
11751,DB18058
11752,DB18059
11753,DB18060
11754,DB18061
11755,DB18062
11756,DB18063
11757,DB18064
11758,DB18065
11759,DB18066
11760,DB18067
11761,DB18068
11762,DB18070
11763,DB18071
11764,DB18072
11765,DB18073
11766,DB18075
11767,DB18076
11768,DB18077
11769,DB18079
11770,DB18080
11771,DB18081
11772,DB18082
11773,DB18083
11774,DB18087
11775,DB18088
11776,DB18089
11777,DB18090
11778,DB18091
11779,DB18093
11780,DB18095
11781,DB18096
11782,DB18097
11783,DB18098
11784,DB18100
11785,DB18102
11786,DB18103
11787,DB18104
11788,DB18106
11789,DB18107
11790,DB18108
11791,DB18109
11792,DB18110
11793,DB18111
11794,DB18112
11795,DB18113
11796,DB18114
11797,DB18115
11798,DB18117
11799,DB18118
11800,DB18119
11801,DB18120
11802,DB18122
11803,DB18124
11804,DB18125
11805,DB18126
11806,DB18145
11807,DB18146
11808,DB18151
11809,DB18152
11810,DB18153
11811,DB18154
11812,DB18155
11813,DB18156
11814,DB18157
11815,DB18169
11816,DB18174
11817,DB18176
11818,DB18178
11819,DB18184
11820,DB18190
11821,DB18191
11822,DB18200
11823,DB18203
11824,DB18206
11825,DB18208
11826,DB18213
11827,DB18214
11828,DB18215
11829,DB18220
11830,DB18232
11831,DB18237
11832,DB18244
11833,DB18245
11834,DB18246
11835,DB18248
11836,DB18250
11837,DB18251
11838,DB18252
11839,DB18267
11840,DB18268
11841,DB18282
11842,DB18283
11843,DB18294
11844,DB18295
11845,DB18296
11846,DB18297
11847,DB18298
11848,DB18299
11849,DB18300
11850,DB18301
11851,DB18302
11852,DB18303
11853,DB18304
11854,DB18305
11855,DB18306
11856,DB18307
11857,DB18308
11858,DB18310
11859,DB18313
11860,DB18314
11861,DB18315
11862,DB18345
11863,DB18365
11864,DB18373
11865,DB18390
11866,DB18391
11867,DB18392
11868,DB18393
11869,DB18398
11870,DB18400
11871,DB18405
11872,DB18406
11873,DB18408
11874,DB18409
11875,DB18442
11876,DB18443
11877,DB18445
11878,DB18463
11879,DB18464
11880,DB18465
11881,DB18478
11882,DB18479
11883,DB18481
11884,DB18482
11885,DB18484
11886,DB18488
11887,DB18489
11888,DB18490
11889,DB18493
11890,DB18508
11891,DB18509
11892,DB18510
11893,DB18511
11894,DB18514
11895,DB18515
11896,DB18516
11897,DB18517
11898,DB18518
11899,DB18523
11900,DB18527
11901,DB18529
11902,DB18536
11903,DB18537
11904,DB18539
11905,DB18540
11906,DB18541
11907,DB18542
11908,DB18545
11909,DB18564
11910,DB18573
11911,DB18578
11912,DB18588
11913,DB18600
11914,DB18603
11915,DB18632
11916,DB18633
11917,DB18634
11918,DB18657
11919,DB18665
11920,DB18689
11921,DB18706
11922,DB18707
11923,DB18708
11924,DB18709
11925,DB18711
11926,DB18715
11927,DB18716
11928,DB18725
11929,DB18729
11930,DB18732
11931,DB18736
11932,DB18737
11933,DB18738
11934,DB18744
11935,DB18745
11936,DB18746
11937,DB18749
11938,DB18752
11939,DB18753
11940,DB18755
11941,DB18756
11942,DB18757
11943,DB18758
11944,DB18759
11945,DB18760
11946,DB18761
11947,DB18762
11948,DB18763
11949,DB18765
11950,DB18766
11951,DB18767
11952,DB18768
11953,DB18769
11954,DB18770
11955,DB18771
11956,DB18772
11957,DB18773
11958,DB18774
11959,DB18775
11960,DB18776
11961,DB18779
11962,DB18780
11963,DB18781
11964,DB18782
11965,DB18783
11966,DB18784
11967,DB18785
11968,DB18786
11969,DB18787
11970,DB18788
11971,DB18791
11972,DB18792
11973,DB18793
11974,DB18794
11975,DB18795
11976,DB18796
11977,DB18797
11978,DB18798
11979,DB18799
11980,DB18800
11981,DB18802
11982,DB18803
11983,DB18804
11984,DB18805
11985,DB18806
11986,DB18807
11987,DB18808
11988,DB18810
11989,DB18811
11990,DB18812
11991,DB18813
11992,DB18814
11993,DB18815
11994,DB18816
11995,DB18817
11996,DB18818
11997,DB18819
11998,DB18820
11999,DB18821
12000,DB18822
12001,DB18823
12002,DB18824
12003,DB18825
12004,DB18826
12005,DB18827
12006,DB18834
12007,DB18840
12008,DB18841
12009,DB18844
12010,DB18847
12011,DB18850
12012,DB18855
12013,DB18865
12014,DB18866
12015,DB18879
12016,DB18880
12017,DB18882
12018,DB18883
12019,DB18885
12020,DB18886
12021,DB18888
12022,DB18889
12023,DB18890
12024,DB18897
12025,DB18898
12026,DB18899
12027,DB18900
12028,DB18901
12029,DB18902
12030,DB18903
12031,DB18904
12032,DB18905
12033,DB18907
12034,DB18908
12035,DB18910
12036,DB18911
12037,DB18912
12038,DB18913
12039,DB18915
12040,DB18917
12041,DB18918
12042,DB18925
12043,DB18927
12044,DB18950
12045,DB18951
12046,DB18953
12047,DB18954
12048,DB18955
12049,DB18956
12050,DB18957
12051,DB18958
12052,DB18959
12053,DB18960
12054,DB18961
12055,DB18962
12056,DB18963
12057,DB18964
12058,DB18965
12059,DB18966
12060,DB18967
12061,DB18968
12062,DB18969
12063,DB18970
12064,DB18971
12065,DB18972
12066,DB18973
12067,DB18974
12068,DB18975
12069,DB18980
12070,DB18981
12071,DB18982
12072,DB18983
12073,DB18984
12074,DB18988
12075,DB19004
12076,DB19005
12077,DB19006
12078,DB19007
12079,DB19008
12080,DB19010
12081,DB19022
12082,DB19023
12083,DB19024
12084,DB19027
12085,DB19028
12086,DB19029
12087,DB19030
12088,DB19031
12089,DB19032
12090,DB19033
12091,DB19034
12092,DB19035
12093,DB19036
12094,DB19038
12095,DB19039
12096,DB19040
12097,DB19041
12098,DB19042
12099,DB19043
12100,DB19044
12101,DB19045
12102,DB19046
12103,DB19047
12104,DB19048
12105,DB19049
12106,DB19050
12107,DB19051
12108,DB19052
12109,DB19053
12110,DB19054
12111,DB19055
12112,DB19056
12113,DB19057
12114,DB19058
12115,DB19068
12116,DB19070
12117,DB19073
12118,DB19074
12119,DB19077
12120,DB19083
12121,DB19084
12122,DB19085
12123,DB19086
12124,DB19088
12125,DB19090
12126,DB19091
12127,DB19094
12128,DB19108
12129,DB19109
12130,DB19110
12131,DB19111
12132,DB19113
12133,DB19114
12134,DB19115
12135,DB19116
12136,DB19123
12137,DB19124
12138,DB19125
12139,DB19126
12140,DB19128
12141,DB19129
12142,DB19130
12143,DB19132
12144,DB19133
12145,DB19134
12146,DB19135
12147,DB19136
12148,DB19137
12149,DB19138
12150,DB19139
12151,DB19141
12152,DB19143
12153,DB19146
12154,DB19148
12155,DB19149
12156,DB19150
12157,DB19151
12158,DB19152
12159,DB19153
12160,DB19158
12161,DB19159
12162,DB19160
12163,DB19161
12164,DB19162
12165,DB19163
12166,DB19164
12167,DB19165
12168,DB19166
12169,DB19168
12170,DB19169
12171,DB19170
12172,DB19171
12173,DB19172
12174,DB19173
12175,DB19176
12176,DB19177
12177,DB19178
12178,DB19179
12179,DB19180
12180,DB19181
12181,DB19186
12182,DB19187
12183,DB19189
12184,DB19190
12185,DB19191
12186,DB19192
12187,DB19193
12188,DB19194
12189,DB19195
12190,DB19199
12191,DB19200
12192,DB19201
12193,DB19202
12194,DB19203
12195,DB19204
12196,DB19205
12197,DB19206
12198,DB19207
12199,DB19208
12200,DB19209
12201,DB19210
12202,DB19211
12203,DB19212
12204,DB19213
12205,DB19214
12206,DB19215
12207,DB19216
12208,DB19217
12209,DB19218
12210,DB19221
12211,DB19222
12212,DB19223
12213,DB19237
12214,DB19238
12215,DB19239
12216,DB19241
12217,DB19242
12218,DB19243
12219,DB19250
12220,DB19251
12221,DB19253
12222,DB19254
12223,DB19255
12224,DB19256
12225,DB19257
12226,DB19259
12227,DB19261
12228,DB19263
12229,DB19264
12230,DB19265
12231,DB19266
12232,DB19267
12233,DB19276
12234,DB19277
12235,DB19278
12236,DB19279
12237,DB19280
12238,DB19281
12239,DB19283
12240,DB19296
12241,DB19300
12242,DB19305
12243,DB19306
12244,DB19308
12245,DB19310
12246,DB19311
12247,DB19312
12248,DB19313
12249,DB19314
12250,DB19319
12251,DB19325
12252,DB19328
12253,DB19329
12254,DB19336
12255,DB19337
12256,DB19338
12257,DB19340
12258,DB19353
12259,DB19354
12260,DB19355
12261,DB19356
12262,DB19357
12263,DB19358
12264,DB19359
12265,DB19360
12266,DB19361
12267,DB19363
12268,DB19364
12269,DB19365
12270,DB19367
12271,DB19368
12272,DB19369
12273,DB19370
12274,DB19371
12275,DB19372
12276,DB19373
12277,DB19374
12278,DB19375
12279,DB19376
12280,DB19378
12281,DB19379
12282,DB19380
12283,DB19382
12284,DB19383
12285,DB19384
12286,DB19385
12287,DB19386
12288,DB19387
12289,DB19408
12290,DB19409
12291,DB19419
12292,DB19425
12293,DB19436
12294,DB19437
12295,DB19439
12296,DB19440
12297,DB19445
12298,DB19446
12299,DB19449
12300,DB19451
12301,DB19454
12302,DB19455
12303,DB19456
12304,DB19457
12305,DB19458
12306,DB19459
12307,DB19460
12308,DB19461
12309,DB19462
12310,DB19463
12311,DB19464
12312,DB19465
12313,DB19466
12314,DB19467
12315,DB19468
12316,DB19469
12317,DB19470
12318,DB19471
12319,DB19472
12320,DB19473
12321,DB19474
12322,DB19475
12323,DB19476
12324,DB19477
12325,DB19478
12326,DB19479
12327,DB19480
12328,DB19481
12329,DB19482
12330,DB19483
12331,DB19484
12332,DB19485
12333,DB19486
12334,DB19487
12335,DB19488
12336,DB19489
12337,DB19490
12338,DB19491
12339,DB19492
12340,DB19493
12341,DB19494
12342,DB19495
12343,DB19496
12344,DB19497
12345,DB19498
12346,DB19499
12347,DB19500
12348,DB19501
12349,DB19502
12350,DB19503
12351,DB19504
12352,DB19505
12353,DB19506
12354,DB19507
12355,DB19508
12356,DB19509
12357,DB19510
12358,DB19511
12359,DB19512
12360,DB19513
12361,DB19514
12362,DB19515
12363,DB19516
12364,DB19517
12365,DB19518
12366,DB19519
12367,DB19520
12368,DB19521
12369,DB19522
12370,DB19523
12371,DB19524
12372,DB19525
12373,DB19526
12374,DB19527
12375,DB19528
12376,DB19529
12377,DB19530
12378,DB19531
12379,DB19532
12380,DB19533
12381,DB19534
12382,DB19535
12383,DB19536
12384,DB19537
12385,DB19538
12386,DB19539
12387,DB19540
12388,DB19541
12389,DB19542
12390,DB19543
12391,DB19544
12392,DB19545
12393,DB19546
12394,DB19547
12395,DB19548
12396,DB19549
12397,DB19550
12398,DB19551
12399,DB19552
12400,DB19553
12401,DB19554
12402,DB19555
12403,DB19556
12404,DB19557
12405,DB19558
12406,DB19559
12407,DB19560
12408,DB19561
12409,DB19562
12410,DB19563
12411,DB19564
12412,DB19565
12413,DB19566
12414,DB19567
12415,DB19568
12416,DB19569
12417,DB19570
12418,DB19571
12419,DB19572
12420,DB19573
12421,DB19574
12422,DB19575
12423,DB19576
12424,DB19577
12425,DB19578
12426,DB19579
12427,DB19580
12428,DB19581
12429,DB19582
12430,DB19583
12431,DB19584
12432,DB19585
12433,DB19586
12434,DB19587
12435,DB19588
12436,DB19589
12437,DB19590
12438,DB19591
12439,DB19592
12440,DB19593
12441,DB19594
12442,DB19595
12443,DB19596
12444,DB19597
12445,DB19598
12446,DB19599
12447,DB19600
12448,DB19601
12449,DB19602
12450,DB19603
12451,DB19604
12452,DB19605
12453,DB19606
12454,DB19607
12455,DB19608
12456,DB19609
12457,DB19610
12458,DB19611
12459,DB19612
12460,DB19613
12461,DB19614
12462,DB19615
12463,DB19616
12464,DB19617
12465,DB19618
12466,DB19619
12467,DB19620
12468,DB19621
12469,DB19622
12470,DB19623
12471,DB19624
12472,DB19625
12473,DB19626
12474,DB19627
12475,DB19628
12476,DB19629
12477,DB19630
12478,DB19631
12479,DB19632
12480,DB19633
12481,DB19634
12482,DB19635
12483,DB19636
12484,DB19637
12485,DB19638
12486,DB19639
12487,DB19640
12488,DB19641
12489,DB19642
12490,DB19643
12491,DB19644
12492,DB19645
12493,DB19646
12494,DB19647
12495,DB19648
12496,DB19649
12497,DB19650
12498,DB19651
12499,DB19652
12500,DB19653
12501,DB19654
12502,DB19655
12503,DB19656
12504,DB19657
12505,DB19658
12506,DB19659
12507,DB19660
12508,DB19661
12509,DB19662
12510,DB19663
12511,DB19664
12512,DB19665
12513,DB19666
12514,DB19667
12515,DB19668
12516,DB19669
12517,DB19670
12518,DB19671
12519,DB19672
12520,DB19673
12521,DB19674
12522,DB19675
12523,DB19676
12524,DB19677
12525,DB19678
12526,DB19679
12527,DB19680
12528,DB19681
12529,DB19682
12530,DB19683
12531,DB19684
12532,DB19685
12533,DB19686
12534,DB19687
12535,DB19688
12536,DB19689
12537,DB19690
12538,DB19691
12539,DB19692
12540,DB19693
12541,DB19694
12542,DB19695
12543,DB19696
12544,DB19697
12545,DB19698
12546,DB19699
12547,DB19700
12548,DB19701
12549,DB19702
12550,DB19703
12551,DB19704
12552,DB19705
12553,DB19706
12554,DB19707
12555,DB19708
12556,DB19709
12557,DB19710
12558,DB19711
12559,DB19712
12560,DB19713
12561,DB19714
12562,DB19715
12563,DB19716
12564,DB19717
12565,DB19718
12566,DB19719
12567,DB19720
12568,DB19721
12569,DB19722
12570,DB19723
12571,DB19724
12572,DB19725
12573,DB19726
12574,DB19727
12575,DB19728
12576,DB19729
12577,DB19730
12578,DB19731
12579,DB19732
12580,DB19733
12581,DB19734
12582,DB19735
12583,DB19736
12584,DB19737
12585,DB19738
12586,DB19739
12587,DB19740
12588,DB19741
12589,DB19742
12590,DB19743
12591,DB19744
12592,DB19745
12593,DB19746
12594,DB19747
12595,DB19748
12596,DB19749
12597,DB19750
12598,DB19751
12599,DB19752
12600,DB19753
12601,DB19754
12602,DB19755
12603,DB19756
12604,DB19757
12605,DB19758
12606,DB19759
12607,DB19760
12608,DB19761
12609,DB19762
12610,DB19763
12611,DB19764
12612,DB19765
12613,DB19766
12614,DB19767
12615,DB19768
12616,DB19769
12617,DB19770
12618,DB19771
12619,DB19772
12620,DB19773
12621,DB19774
12622,DB19775
12623,DB19776
12624,DB19777
12625,DB19778
12626,DB19779
12627,DB19780
12628,DB19781
12629,DB19782
12630,DB19783
12631,DB19784
12632,DB19785
12633,DB19786
12634,DB19787
12635,DB19788
12636,DB19789
12637,DB19790
12638,DB19791
12639,DB19792
12640,DB19793
12641,DB19794
12642,DB19795
12643,DB19796
12644,DB19797
12645,DB19798
12646,DB19799
12647,DB19800
12648,DB19801
12649,DB19802
12650,DB19803
12651,DB19804
12652,DB19805
12653,DB19806
12654,DB19807
12655,DB19808
12656,DB19809
12657,DB19810
12658,DB19811
12659,DB19812
12660,DB19813
12661,DB19814
12662,DB19815
12663,DB19816
12664,DB19817
12665,DB19818
12666,DB19819
12667,DB19820
12668,DB19821
12669,DB19822
12670,DB19823
12671,DB19824
12672,DB19825
12673,DB19826
12674,DB19827
12675,DB19828
12676,DB19829
12677,DB19830
12678,DB19831
12679,DB19832
12680,DB19833
12681,DB19834
12682,DB19835
12683,DB19836
12684,DB19837
12685,DB19838
12686,DB19839
12687,DB19840
12688,DB19841
12689,DB19842
12690,DB19843
12691,DB19844
12692,DB19845
12693,DB19846
12694,DB19847
12695,DB19848
12696,DB19849
12697,DB19850
12698,DB19851
12699,DB19852
12700,DB19853
12701,DB19854
12702,DB19855
12703,DB19856
12704,DB19857
12705,DB19858
12706,DB19859
12707,DB19860
12708,DB19861
12709,DB19862
12710,DB19863
12711,DB19864
12712,DB19865
12713,DB19866
12714,DB19867
12715,DB19868
12716,DB19869
12717,DB19870
12718,DB19871
12719,DB19872
12720,DB19873
12721,DB19874
12722,DB19875
12723,DB19876
12724,DB19877
12725,DB19878
12726,DB19879
12727,DB19880
12728,DB19881
12729,DB19882
12730,DB19883
12731,DB19884
12732,DB19885
12733,DB19886
12734,DB19887
12735,DB19888
12736,DB19889
12737,DB19890
12738,DB19891
12739,DB19892
12740,DB19893
12741,DB19894
12742,DB19895
12743,DB19896
12744,DB19897
12745,DB19898
12746,DB19899
12747,DB19900
12748,DB19901
12749,DB19902
12750,DB19903
12751,DB19904
12752,DB19905
12753,DB19906
12754,DB19907
12755,DB19908
12756,DB19909
12757,DB19910
12758,DB19911
12759,DB19912
12760,DB19913
12761,DB19914
12762,DB19915
12763,DB19916
12764,DB19917
12765,DB19918
12766,DB19919
12767,DB19920
12768,DB19921
12769,DB19922
12770,DB19923
12771,DB19924
12772,DB19925
12773,DB19926
12774,DB19927
12775,DB19928
12776,DB19929
12777,DB19930
12778,DB19931
12779,DB19932
12780,DB19933
12781,DB19934
12782,DB19935
12783,DB19936
12784,DB19937
12785,DB19938
12786,DB19939
12787,DB19940
12788,DB19941
12789,DB19942
12790,DB19943
12791,DB19944
12792,DB19945
12793,DB19946
12794,DB19947
12795,DB19948
12796,DB19949
12797,DB19950
12798,DB19951
12799,DB19952
12800,DB19953
12801,DB19954
12802,DB19955
12803,DB19956
12804,DB19957
12805,DB19958
12806,DB19959
12807,DB19960
12808,DB19961
12809,DB19962
12810,DB19963
12811,DB19964
12812,DB19965
12813,DB19966
12814,DB19967
12815,DB19968
12816,DB19969
12817,DB19970
12818,DB19971
12819,DB19972
12820,DB19973
12821,DB19974
12822,DB19975
12823,DB19976
12824,DB19977
12825,DB19978
12826,DB19979
12827,DB19980
12828,DB19981
12829,DB19982
12830,DB19983
12831,DB19984
12832,DB19985
12833,DB19986
12834,DB19987
12835,DB19988
12836,DB19989
12837,DB19990
12838,DB19991
12839,DB19992
12840,DB19993
12841,DB19994
12842,DB19995
12843,DB19996
12844,DB19997
12845,DB19998
12846,DB19999
12847,DB20000
12848,DB20001
12849,DB20002
12850,DB20003
12851,DB20004
12852,DB20005
12853,DB20006
12854,DB20007
12855,DB20008
12856,DB20009
12857,DB20010
12858,DB20011
12859,DB20012
12860,DB20013
12861,DB20014
12862,DB20015
12863,DB20016
12864,DB20017
12865,DB20018
12866,DB20019
12867,DB20020
12868,DB20021
12869,DB20022
12870,DB20023
12871,DB20024
12872,DB20025
12873,DB20026
12874,DB20027
12875,DB20028
12876,DB20029
12877,DB20030
12878,DB20031
12879,DB20032
12880,DB20033
12881,DB20034
12882,DB20035
12883,DB20036
12884,DB20037
12885,DB20038
12886,DB20039
12887,DB20040
12888,DB20041
12889,DB20042
12890,DB20043
12891,DB20044
12892,DB20045
12893,DB20046
12894,DB20047
12895,DB20048
12896,DB20049
12897,DB20050
12898,DB20051
12899,DB20052
12900,DB20053
12901,DB20054
12902,DB20055
12903,DB20056
12904,DB20057
12905,DB20058
12906,DB20059
12907,DB20060
12908,DB20061
12909,DB20062
12910,DB20063
12911,DB20064
12912,DB20065
12913,DB20066
12914,DB20067
12915,DB20068
12916,DB20069
12917,DB20070
12918,DB20071
12919,DB20072
12920,DB20073
12921,DB20074
12922,DB20075
12923,DB20076
12924,DB20077
12925,DB20078
12926,DB20079
12927,DB20080
12928,DB20081
12929,DB20082
12930,DB20083
12931,DB20084
12932,DB20085
12933,DB20086
12934,DB20087
12935,DB20088
12936,DB20089
12937,DB20090
12938,DB20091
12939,DB20092
12940,DB20093
12941,DB20094
12942,DB20095
12943,DB20096
12944,DB20097
12945,DB20098
12946,DB20099
12947,DB20100
12948,DB20101
12949,DB20102
12950,DB20103
12951,DB20104
12952,DB20105
12953,DB20106
12954,DB20107
12955,DB20108
12956,DB20109
12957,DB20110
12958,DB20111
12959,DB20112
12960,DB20113
12961,DB20114
12962,DB20115
12963,DB20116
12964,DB20117
12965,DB20118
12966,DB20119
12967,DB20120
12968,DB20121
12969,DB20122
12970,DB20123
12971,DB20124
12972,DB20125
12973,DB20126
12974,DB20127
12975,DB20128
12976,DB20129
12977,DB20130
12978,DB20131
12979,DB20132
12980,DB20133
12981,DB20134
12982,DB20135
12983,DB20136
12984,DB20137
12985,DB20138
12986,DB20139
12987,DB20140
12988,DB20141
12989,DB20142
12990,DB20143
12991,DB20144
12992,DB20145
12993,DB20146
12994,DB20147
12995,DB20148
12996,DB20149
12997,DB20150
12998,DB20151
12999,DB20152
13000,DB20153
13001,DB20154
13002,DB20155
13003,DB20156
13004,DB20157
13005,DB20158
13006,DB20159
13007,DB20160
13008,DB20161
13009,DB20162
13010,DB20163
13011,DB20164
13012,DB20165
13013,DB20166
13014,DB20167
13015,DB20168
13016,DB20169
13017,DB20170
13018,DB20171
13019,DB20172
13020,DB20173
13021,DB20174
13022,DB20175
13023,DB20176
13024,DB20177
13025,DB20178
13026,DB20179
13027,DB20180
13028,DB20181
13029,DB20182
13030,DB20183
13031,DB20184
13032,DB20185
13033,DB20186
13034,DB20187
13035,DB20188
13036,DB20189
13037,DB20190
13038,DB20191
13039,DB20192
13040,DB20193
13041,DB20194
13042,DB20195
13043,DB20196
13044,DB20197
13045,DB20198
13046,DB20199
13047,DB20200
13048,DB20201
13049,DB20202
13050,DB20203
13051,DB20204
13052,DB20205
13053,DB20206
13054,DB20207
13055,DB20208
13056,DB20209
13057,DB20210
13058,DB20211
13059,DB20212
13060,DB20213
13061,DB20214
13062,DB20215
13063,DB20216
13064,DB20217
13065,DB20218
13066,DB20219
13067,DB20220
13068,DB20221
13069,DB20222
13070,DB20223
13071,DB20224
13072,DB20225
13073,DB20226
13074,DB20227
13075,DB20228
13076,DB20229
13077,DB20230
13078,DB20231
13079,DB20232
13080,DB20233
13081,DB20234
13082,DB20235
13083,DB20236
13084,DB20237
13085,DB20238
13086,DB20239
13087,DB20240
13088,DB20241
13089,DB20242
13090,DB20243
13091,DB20244
13092,DB20245
13093,DB20246
13094,DB20247
13095,DB20248
13096,DB20249
13097,DB20250
13098,DB20251
13099,DB20252
13100,DB20253
13101,DB20254
13102,DB20255
13103,DB20256
13104,DB20257
13105,DB20258
13106,DB20259
13107,DB20260
13108,DB20261
13109,DB20262
13110,DB20263
13111,DB20264
13112,DB20265
13113,DB20266
13114,DB20267
13115,DB20268
13116,DB20269
13117,DB20270
13118,DB20271
13119,DB20272
13120,DB20273
13121,DB20274
13122,DB20275
13123,DB20276
13124,DB20277
13125,DB20278
13126,DB20279
13127,DB20280
13128,DB20281
13129,DB20282
13130,DB20283
13131,DB20284
13132,DB20285
13133,DB20286
13134,DB20287
13135,DB20288
13136,DB20289
13137,DB20290
13138,DB20291
13139,DB20292
13140,DB20293
13141,DB20294
13142,DB20295
13143,DB20296
13144,DB20297
13145,DB20298
13146,DB20299
13147,DB20300
13148,DB20301
13149,DB20302
13150,DB20303
13151,DB20304
13152,DB20305
13153,DB20306
13154,DB20307
13155,DB20308
13156,DB20309
13157,DB20310
13158,DB20311
13159,DB20312
13160,DB20313
13161,DB20314
13162,DB20315
13163,DB20316
13164,DB20317
13165,DB20318
13166,DB20319
13167,DB20320
13168,DB20321
13169,DB20322
13170,DB20323
13171,DB20324
13172,DB20325
13173,DB20326
13174,DB20327
13175,DB20328
13176,DB20329
13177,DB20330
13178,DB20331
13179,DB20332
13180,DB20333
13181,DB20334
13182,DB20335
13183,DB20336
13184,DB20337
13185,DB20338
13186,DB20339
13187,DB20340
13188,DB20341
13189,DB20342
13190,DB20343
13191,DB20344
13192,DB20345
13193,DB20346
13194,DB20347
13195,DB20348
13196,DB20349
13197,DB20350
13198,DB20351
13199,DB20352
13200,DB20353
13201,DB20354
13202,DB20355
13203,DB20356
13204,DB20357
13205,DB20358
13206,DB20359
13207,DB20360
13208,DB20361
13209,DB20362
13210,DB20363
13211,DB20364
13212,DB20365
13213,DB20366
13214,DB20367
13215,DB20368
13216,DB20369
13217,DB20370
13218,DB20371
13219,DB20372
13220,DB20373
13221,DB20374
13222,DB20375
13223,DB20376
13224,DB20377
13225,DB20378
13226,DB20379
13227,DB20380
13228,DB20381
13229,DB20382
13230,DB20383
13231,DB20384
13232,DB20385
13233,DB20386
13234,DB20387
13235,DB20388
13236,DB20389
13237,DB20390
13238,DB20391
13239,DB20392
13240,DB20393
13241,DB20394
13242,DB20395
13243,DB20396
13244,DB20397
13245,DB20398
13246,DB20399
13247,DB20400
13248,DB20401
13249,DB20402
13250,DB20403
13251,DB20404
13252,DB20405
13253,DB20406
13254,DB20407
13255,DB20408
13256,DB20409
13257,DB20410
13258,DB20411
13259,DB20412
13260,DB20413
13261,DB20414
13262,DB20415
13263,DB20416
13264,DB20417
13265,DB20418
13266,DB20419
13267,DB20420
13268,DB20421
13269,DB20422
13270,DB20423
13271,DB20424
13272,DB20425
13273,DB20426
13274,DB20427
13275,DB20428
13276,DB20429
13277,DB20430
13278,DB20431
13279,DB20432
13280,DB20433
13281,DB20434
13282,DB20435
13283,DB20436
13284,DB20437
13285,DB20438
13286,DB20439
13287,DB20440
13288,DB20441
13289,DB20442
13290,DB20443
13291,DB20444
13292,DB20445
13293,DB20446
13294,DB20447
13295,DB20448
13296,DB20449
13297,DB20450
13298,DB20451
13299,DB20452
13300,DB20453
13301,DB20454
13302,DB20455
13303,DB20456
13304,DB20457
13305,DB20458
13306,DB20459
13307,DB20460
13308,DB20461
13309,DB20462
13310,DB20463
13311,DB20464
13312,DB20465
13313,DB20466
13314,DB20467
13315,DB20468
13316,DB20469
13317,DB20470
13318,DB20471
13319,DB20472
13320,DB20473
13321,DB20474
13322,DB20475
13323,DB20476
13324,DB20477
13325,DB20478
13326,DB20479
13327,DB20480
13328,DB20481
13329,DB20482
13330,DB20483
13331,DB20484
13332,DB20485
13333,DB20486
13334,DB20487
13335,DB20488
13336,DB20489
13337,DB20490
13338,DB20491
13339,DB20492
13340,DB20493
13341,DB20494
13342,DB20495
13343,DB20496
13344,DB20497
13345,DB20498
13346,DB20499
13347,DB20500
13348,DB20501
13349,DB20502
13350,DB20503
13351,DB20504
13352,DB20505
13353,DB20506
13354,DB20507
13355,DB20508
13356,DB20509
13357,DB20510
13358,DB20511
13359,DB20512
13360,DB20513
13361,DB20514
13362,DB20515
13363,DB20516
13364,DB20517
13365,DB20518
13366,DB20519
13367,DB20520
13368,DB20521
13369,DB20522
13370,DB20523
13371,DB20524
13372,DB20525
13373,DB20526
13374,DB20527
13375,DB20528
13376,DB20529
13377,DB20530
13378,DB20531
13379,DB20532
13380,DB20533
13381,DB20534
13382,DB20535
13383,DB20536
13384,DB20537
13385,DB20538
13386,DB20539
13387,DB20540
13388,DB20541
13389,DB20542
13390,DB20543
13391,DB20544
13392,DB20545
13393,DB20546
13394,DB20547
13395,DB20548
13396,DB20549
13397,DB20550
13398,DB20551
13399,DB20552
13400,DB20553
13401,DB20554
13402,DB20555
13403,DB20556
13404,DB20557
13405,DB20558
13406,DB20559
13407,DB20560
13408,DB20561
13409,DB20562
13410,DB20563
13411,DB20564
13412,DB20565
13413,DB20566
13414,DB20567
13415,DB20568
13416,DB20569
13417,DB20570
13418,DB20571
13419,DB20572
13420,DB20573
13421,DB20574
13422,DB20575
13423,DB20576
13424,DB20577
13425,DB20578
13426,DB20579
13427,DB20580
13428,DB20581
13429,DB20582
13430,DB20583
13431,DB20584
13432,DB20585
13433,DB20586
13434,DB20587
13435,DB20588
13436,DB20589
13437,DB20590
13438,DB20591
13439,DB20592
13440,DB20593
13441,DB20594
13442,DB20595
13443,DB20596
13444,DB20597
13445,DB20598
13446,DB20599
13447,DB20600
13448,DB20601
13449,DB20602
13450,DB20603
13451,DB20604
13452,DB20605
13453,DB20606
13454,DB20607
13455,DB20608
13456,DB20609
13457,DB20610
13458,DB20611
13459,DB20612
13460,DB20613
13461,DB20614
13462,DB20615
13463,DB20616
13464,DB20617
13465,DB20618
13466,DB20619
13467,DB20620
13468,DB20621
13469,DB20622
13470,DB20623
13471,DB20624
13472,DB20625
13473,DB20626
13474,DB20627
13475,DB20628
13476,DB20629
13477,DB20630
13478,DB20631
13479,DB20632
13480,DB20633
13481,DB20634
13482,DB20635
13483,DB20636
13484,DB20637
13485,DB20638
13486,DB20639
13487,DB20640
13488,DB20641
13489,DB20642
13490,DB20643
13491,DB20644
13492,DB20645
13493,DB20646
13494,DB20647
13495,DB20648
13496,DB20649
13497,DB20650
13498,DB20651
13499,DB20652
13500,DB20653
13501,DB20654
13502,DB20655
13503,DB20656
13504,DB20657
13505,DB20658
13506,DB20659
13507,DB20660
13508,DB20661
13509,DB20662
13510,DB20663
13511,DB20664
13512,DB20665
13513,DB20666
13514,DB20667
13515,DB20668
13516,DB20669
13517,DB20670
13518,DB20671
13519,DB20672
13520,DB20673
13521,DB20674
13522,DB20675
13523,DB20676
13524,DB20677
13525,DB20678
13526,DB20679
13527,DB20680
13528,DB20681
13529,DB20682
13530,DB20683
13531,DB20684
13532,DB20685
13533,DB20686
13534,DB20687
13535,DB20688
13536,DB20689
13537,DB20690
13538,DB20691
13539,DB20692
13540,DB20693
13541,DB20694
13542,DB20695
13543,DB20696
13544,DB20697
13545,DB20698
13546,DB20699
13547,DB20700
13548,DB20701
13549,DB20702
13550,DB20703
13551,DB20704
13552,DB20705
13553,DB20706
13554,DB20707
13555,DB20708
13556,DB20709
13557,DB20710
13558,DB20711
13559,DB20712
13560,DB20713
13561,DB20714
13562,DB20715
13563,DB20716
13564,DB20717
13565,DB20718
13566,DB20719
13567,DB20720
13568,DB20721
13569,DB20722
13570,DB20723
13571,DB20724
13572,DB20725
13573,DB20726
13574,DB20727
13575,DB20728
13576,DB20729
13577,DB20730
13578,DB20731
13579,DB20732
13580,DB20733
13581,DB20734
13582,DB20735
13583,DB20736
13584,DB20737
13585,DB20738
13586,DB20739
13587,DB20740
13588,DB20741
13589,DB20742
13590,DB20743
13591,DB20744
13592,DB20745
13593,DB20746
13594,DB20747
13595,DB20748
13596,DB20749
13597,DB20750
13598,DB20751
13599,DB20752
13600,DB20753
13601,DB20754
13602,DB20755
13603,DB20756
13604,DB20757
13605,DB20758
13606,DB20759
13607,DB20760
13608,DB20761
13609,DB20762
13610,DB20763
13611,DB20764
13612,DB20765
13613,DB20766
13614,DB20767
13615,DB20768
13616,DB20769
13617,DB20770
13618,DB20771
13619,DB20772
13620,DB20773
13621,DB20774
13622,DB20775
13623,DB20776
13624,DB20777
13625,DB20778
13626,DB20779
13627,DB20780
13628,DB20781
13629,DB20782
13630,DB20783
13631,DB20784
13632,DB20785
13633,DB20786
13634,DB20787
13635,DB20788
13636,DB20789
13637,DB20790
13638,DB20791
13639,DB20792
13640,DB20793
13641,DB20794
13642,DB20795
13643,DB20796
13644,DB20797
13645,DB20798
13646,DB20799
13647,DB20800
13648,DB20801
13649,DB20802
13650,DB20803
13651,DB20804
13652,DB20805
13653,DB20806
13654,DB20807
13655,DB20808
13656,DB20809
13657,DB20810
13658,DB20811
13659,DB20812
13660,DB20813
13661,DB20814
13662,DB20815
13663,DB20816
13664,DB20817
13665,DB20818
13666,DB20819
13667,DB20820
13668,DB20821
13669,DB20822
13670,DB20823
13671,DB20824
13672,DB20825
13673,DB20826
13674,DB20827
13675,DB20828
13676,DB20829
13677,DB20830
13678,DB20831
13679,DB20832
13680,DB20833
13681,DB20834
13682,DB20835
13683,DB20836
13684,DB20837
13685,DB20838
13686,DB20839
13687,DB20840
13688,DB20841
13689,DB20842
13690,DB20843
13691,DB20844
13692,DB20845
13693,DB20846
13694,DB20847
13695,DB20848
13696,DB20849
13697,DB20850
13698,DB20851
13699,DB20852
13700,DB20853
13701,DB20854
13702,DB20855
13703,DB20856
13704,DB20857
13705,DB20858
13706,DB20859
13707,DB20860
13708,DB20861
13709,DB20862
13710,DB20863
13711,DB20864
13712,DB20865
13713,DB20866
13714,DB20867
13715,DB20868
13716,DB20869
13717,DB20870
13718,DB20871
13719,DB20872
13720,DB20873
13721,DB20874
13722,DB20875
13723,DB20876
13724,DB20877
13725,DB20878
13726,DB20879
13727,DB20880
13728,DB20881
13729,DB20882
13730,DB20883
13731,DB20884
13732,DB20885
13733,DB20886
13734,DB20887
13735,DB20888
13736,DB20889
13737,DB20890
13738,DB20891
13739,DB20892
13740,DB20893
13741,DB20894
13742,DB20895
13743,DB20896
13744,DB20897
13745,DB20898
13746,DB20899
13747,DB20900
13748,DB20901
13749,DB20902
13750,DB20903
13751,DB20904
13752,DB20905
13753,DB20906
13754,DB20907
13755,DB20908
13756,DB20909
13757,DB20910
13758,DB20911
13759,DB20912
13760,DB20913
13761,DB20914
13762,DB20915
13763,DB20916
13764,DB20917
13765,DB20918
13766,DB20919
13767,DB20920
13768,DB20921
13769,DB20922
13770,DB20923
13771,DB20924
13772,DB20925
13773,DB20926
13774,DB20927
13775,DB20928
13776,DB20929
13777,DB20930
13778,DB20931
13779,DB20932
13780,DB20933
13781,DB20934
13782,DB20935
13783,DB20936
13784,DB20937
13785,DB20938
13786,DB20939
13787,DB20940
13788,DB20941
13789,DB20942
13790,DB20943
13791,DB20944
13792,DB20945
13793,DB20946
13794,DB20947
13795,DB20948
13796,DB20949
13797,DB20950
13798,DB20951
13799,DB20952
13800,DB20953
13801,DB20954
13802,DB20955
13803,DB20956
13804,DB20957
13805,DB20958
13806,DB20959
13807,DB20960
13808,DB20961
13809,DB20962
13810,DB20963
13811,DB20964
13812,DB20965
13813,DB20966
13814,DB20967
13815,DB20968
13816,DB20969
13817,DB20970
13818,DB20971
13819,DB20972
13820,DB20973
13821,DB20974
13822,DB20975
13823,DB20976
13824,DB20977
13825,DB20978
13826,DB20979
13827,DB20980
13828,DB20981
13829,DB20982
13830,DB20983
13831,DB20984
13832,DB20985
13833,DB20986
13834,DB20987
13835,DB20988
13836,DB20989
13837,DB20990
13838,DB20991
13839,DB20992
13840,DB20993
13841,DB20994
13842,DB20995
13843,DB20996
13844,DB20997
13845,DB20998
13846,DB20999
13847,DB21000
13848,DB21001
13849,DB21002
13850,DB21003
13851,DB21004
13852,DB21005
13853,DB21006
13854,DB21007
13855,DB21008
13856,DB21009
13857,DB21010
13858,DB21011
13859,DB21012
13860,DB21013
13861,DB21014
13862,DB21015
13863,DB21016
13864,DB21017
13865,DB21018
13866,DB21019
13867,DB21020
13868,DB21021
13869,DB21022
13870,DB21023
13871,DB21024
13872,DB21025
13873,DB21026
13874,DB21027
13875,DB21028
13876,DB21029
13877,DB21030
13878,DB21031
13879,DB21032
13880,DB21033
13881,DB21034
13882,DB21035
13883,DB21036
13884,DB21037
13885,DB21038
13886,DB21039
13887,DB21040
13888,DB21041
13889,DB21042
13890,DB21043
13891,DB21044
13892,DB21045
13893,DB21046
13894,DB21047
13895,DB21048
13896,DB21049
13897,DB21050
13898,DB21051
13899,DB21052
13900,DB21053
13901,DB21054
13902,DB21055
13903,DB21056
13904,DB21057
13905,DB21058
13906,DB21059
13907,DB21060
13908,DB21061
13909,DB21062
13910,DB21063
13911,DB21064
13912,DB21065
13913,DB21066
13914,DB21067
13915,DB21068
13916,DB21069
13917,DB21070
13918,DB21071
13919,DB21072
13920,DB21073
13921,DB21074
13922,DB21075
13923,DB21076
13924,DB21077
13925,DB21078
13926,DB21079
13927,DB21080
13928,DB21081
13929,DB21082
13930,DB21083
13931,DB21084
13932,DB21085
13933,DB21086
13934,DB21087
13935,DB21088
13936,DB21089
13937,DB21090
13938,DB21091
13939,DB21092
13940,DB21093
13941,DB21094
13942,DB21095
13943,DB21096
13944,DB21097
13945,DB21098
13946,DB21099
13947,DB21100
13948,DB21101
13949,DB21102
13950,DB21103
13951,DB21104
13952,DB21105
13953,DB21106
13954,DB21107
13955,DB21108
13956,DB21109
13957,DB21110
13958,DB21111
13959,DB21112
13960,DB21113
13961,DB21114
13962,DB21115
13963,DB21116
13964,DB21117
13965,DB21118
13966,DB21119
13967,DB21120
13968,DB21121
13969,DB21122
13970,DB21123
13971,DB21124
13972,DB21125
13973,DB21126
13974,DB21127
13975,DB21128
13976,DB21129
13977,DB21130
13978,DB21131
13979,DB21132
13980,DB21133
13981,DB21134
13982,DB21135
13983,DB21136
13984,DB21137
13985,DB21138
13986,DB21139
13987,DB21140
13988,DB21141
13989,DB21142
13990,DB21143
13991,DB21144
13992,DB21145
13993,DB21146
13994,DB21147
13995,DB21148
13996,DB21149
13997,DB21150
13998,DB21151
13999,DB21152
14000,DB21153
14001,DB21154
14002,DB21155
14003,DB21156
14004,DB21157
14005,DB21158
14006,DB21159
14007,DB21160
14008,DB21161
14009,DB21162
14010,DB21163
14011,DB21164
14012,DB21165
14013,DB21166
14014,DB21167
14015,DB21168
14016,DB21169
14017,DB21170
14018,DB21171
14019,DB21172
14020,DB21173
14021,DB21174
14022,DB21175
14023,DB21176
14024,DB21177
14025,DB21178
14026,DB21179
14027,DB21180
14028,DB21181
14029,DB21182
14030,DB21183
14031,DB21184
14032,DB21185
14033,DB21186
14034,DB21187
14035,DB21188
14036,DB21189
14037,DB21190
14038,DB21191
14039,DB21192
14040,DB21193
14041,DB21194
14042,DB21195
14043,DB21196
14044,DB21197
14045,DB21198
14046,DB21199
14047,DB21200
14048,DB21201
14049,DB21202
14050,DB21203
14051,DB21204
14052,DB21205
14053,DB21206
14054,DB21207
14055,DB21208
14056,DB21209
14057,DB21210
14058,DB21211
14059,DB21212
14060,DB21213
14061,DB21214
14062,DB21215
14063,DB21216
14064,DB21217
14065,DB21218
14066,DB21219
14067,DB21220
14068,DB21221
14069,DB21222
14070,DB21223
14071,DB21224
14072,DB21225
14073,DB21226
14074,DB21227
14075,DB21228
14076,DB21229
14077,DB21230
14078,DB21231
14079,DB21232
14080,DB21233
14081,DB21234
14082,DB21235
14083,DB21236
14084,DB21237
14085,DB21238
14086,DB21239
14087,DB21240
14088,DB21241
14089,DB21242
14090,DB21243
14091,DB21244
14092,DB21245
14093,DB21246
14094,DB21247
14095,DB21248
14096,DB21249
14097,DB21250
14098,DB21251
14099,DB21252
14100,DB21253
14101,DB21254
14102,DB21255
14103,DB21256
14104,DB21257
14105,DB21258
14106,DB21259
14107,DB21260
14108,DB21261
14109,DB21262
14110,DB21263
14111,DB21264
14112,DB21265
14113,DB21266
14114,DB21267
14115,DB21268
14116,DB21269
14117,DB21270
14118,DB21271
14119,DB21272
14120,DB21273
14121,DB21274
14122,DB21275
14123,DB21276
14124,DB21277
14125,DB21278
14126,DB21279
14127,DB21280
14128,DB21281
14129,DB21282
14130,DB21283
14131,DB21284
14132,DB21285
14133,DB21286
14134,DB21287
14135,DB21288
14136,DB21289
14137,DB21290
14138,DB21291
14139,DB21292
14140,DB21293
14141,DB21294
14142,DB21295
14143,DB21296
14144,DB21297
14145,DB21298
14146,DB21299
14147,DB21300
14148,DB21301
14149,DB21302
14150,DB21303
14151,DB21304
14152,DB21305
14153,DB21306
14154,DB21307
14155,DB21308
14156,DB21309
14157,DB21310
14158,DB21311
14159,DB21312
14160,DB21313
14161,DB21314
14162,DB21315
14163,DB21316
14164,DB21317
14165,DB21318
14166,DB21319
14167,DB21320
14168,DB21321
14169,DB21322
14170,DB21323
14171,DB21324
14172,DB21325
14173,DB21326
14174,DB21327
14175,DB21328
14176,DB21329
14177,DB21330
14178,DB21331
14179,DB21332
14180,DB21333
14181,DB21334
14182,DB21335
14183,DB21336
14184,DB21337
14185,DB21338
14186,DB21339
14187,DB21340
14188,DB21341
14189,DB21342
14190,DB21343
14191,DB21344
14192,DB21345
14193,DB21346
14194,DB21347
14195,DB21348
14196,DB21349
14197,DB21350
14198,DB21351
14199,DB21352
14200,DB21353
14201,DB21354
14202,DB21355
14203,DB21356
14204,DB21357
14205,DB21358
14206,DB21359
14207,DB21360
14208,DB21361
14209,DB21362
14210,DB21363
14211,DB21364
14212,DB21365
14213,DB21366
14214,DB21367
14215,DB21368
14216,DB21369
14217,DB21370
14218,DB21371
14219,DB21372
14220,DB21373
14221,DB21374
14222,DB21375
14223,DB21376
14224,DB21377
14225,DB21378
14226,DB21379
14227,DB21380
14228,DB21381
14229,DB21382
14230,DB21383
14231,DB21384
14232,DB21385
14233,DB21386
14234,DB21387
14235,DB21388
14236,DB21389
14237,DB21390
14238,DB21391
14239,DB21392
14240,DB21393
14241,DB21394
14242,DB21395
14243,DB21396
14244,DB21397
14245,DB21398
14246,DB21399
14247,DB21400
14248,DB21401
14249,DB21402
14250,DB21403
14251,DB21404
14252,DB21405
14253,DB21406
14254,DB21407
14255,DB21408
14256,DB21409
14257,DB21410
14258,DB21411
14259,DB21412
14260,DB21413
14261,DB21414
14262,DB21415
14263,DB21416
14264,DB21417
14265,DB21418
14266,DB21419
14267,DB21420
14268,DB21421
14269,DB21422
14270,DB21423
14271,DB21424
14272,DB21425
14273,DB21426
14274,DB21427
14275,DB21428
14276,DB21429
14277,DB21430
14278,DB21431
14279,DB21432
14280,DB21433
14281,DB21434
14282,DB21435
14283,DB21436
14284,DB21437
14285,DB21438
14286,DB21439
14287,DB21440
14288,DB21441
14289,DB21442
14290,DB21443
14291,DB21444
14292,DB21445
14293,DB21446
14294,DB21447
14295,DB21448
14296,DB21449
14297,DB21450
14298,DB21451
14299,DB21452
14300,DB21453
14301,DB21454
14302,DB21455
14303,DB21456
14304,DB21457
14305,DB21458
14306,DB21459
14307,DB21460
14308,DB21461
14309,DB21462
14310,DB21463
14311,DB21464
14312,DB21465
14313,DB21466
14314,DB21467
14315,DB21468
14316,DB21469
14317,DB21470
14318,DB21471
14319,DB21472
14320,DB21473
14321,DB21474
14322,DB21475
14323,DB21476
14324,DB21477
14325,DB21478
14326,DB21479
14327,DB21480
14328,DB21481
14329,DB21482
14330,DB21483
14331,DB21484
14332,DB21485
14333,DB21486
14334,DB21487
14335,DB21488
14336,DB21489
14337,DB21490
14338,DB21491
14339,DB21492
14340,DB21493
14341,DB21494
14342,DB21495
14343,DB21496
14344,DB21497
14345,DB21498
14346,DB21499
14347,DB21500
14348,DB21501
14349,DB21502
14350,DB21503
14351,DB21504
14352,DB21505
14353,DB21506
14354,DB21507
14355,DB21508
14356,DB21509
14357,DB21510
14358,DB21511
14359,DB21512
14360,DB21513
14361,DB21514
14362,DB21515
14363,DB21516
14364,DB21517
14365,DB21518
14366,DB21519
14367,DB21520
14368,DB21521
14369,DB21522
14370,DB21523
14371,DB21524
14372,DB21525
14373,DB21526
14374,DB21527
14375,DB21528
14376,DB21529
14377,DB21530
14378,DB21531
14379,DB21532
14380,DB21533
14381,DB21534
14382,DB21535
14383,DB21536
14384,DB21537
14385,DB21538
14386,DB21539
14387,DB21540
14388,DB21541
14389,DB21542
14390,DB21543
14391,DB21544
14392,DB21545
14393,DB21546
14394,DB21547
14395,DB21548
14396,DB21549
14397,DB21550
14398,DB21551
14399,DB21552
14400,DB21553
14401,DB21554
14402,DB21555
14403,DB21556
14404,DB21557
14405,DB21558
14406,DB21559
14407,DB21560
14408,DB21561
14409,DB21562
14410,DB21563
14411,DB21564
14412,DB21565
14413,DB21566
14414,DB21567
14415,DB21568
14416,DB21569
14417,DB21570
14418,DB21571
14419,DB21572
14420,DB21573
14421,DB21574
14422,DB21575
14423,DB21576
14424,DB21577
14425,DB21578
14426,DB21579
14427,DB21580
14428,DB21581
14429,DB21582
14430,DB21583
14431,DB21584
14432,DB21585
14433,DB21586
14434,DB21587
14435,DB21588
14436,DB21589
14437,DB21590
14438,DB21591
14439,DB21592
14440,DB21593
14441,DB21594
14442,DB21595
14443,DB21596
14444,DB21597
14445,DB21598
14446,DB21599
14447,DB21600
14448,DB21601
14449,DB21602
14450,DB21603
14451,DB21604
14452,DB21605
14453,DB21606
14454,DB21607
14455,DB21608
14456,DB21609
14457,DB21610
14458,DB21611
14459,DB21612
14460,DB21613
14461,DB21614
14462,DB21615
14463,DB21616
14464,DB21617
14465,DB21618
14466,DB21619
14467,DB21620
14468,DB21621
14469,DB21622
14470,DB21623
14471,DB21624
14472,DB21625
14473,DB21626
14474,DB21627
14475,DB21628
14476,DB21629
14477,DB21630
14478,DB21631
14479,DB21632
14480,DB21633
14481,DB21634
14482,DB21635
14483,DB21636
14484,DB21637
14485,DB21638
14486,DB21639
14487,DB21640
14488,DB21641
14489,DB21642
14490,DB21643
14491,DB21644
14492,DB21645
14493,DB21646
14494,DB21647
14495,DB21648
14496,DB21649
14497,DB21650
14498,DB21651
14499,DB21652
14500,DB21653
14501,DB21654
14502,DB21655
14503,DB21656
14504,DB21657
14505,DB21658
14506,DB21659
14507,DB21660
14508,DB21661
14509,DB21662
14510,DB21663
14511,DB21664
14512,DB21665
14513,DB21666
14514,DB21667
14515,DB21668
14516,DB21669
14517,DB21670
14518,DB21671
14519,DB21672
14520,DB21673
14521,DB21674
14522,DB21675
14523,DB21676
14524,DB21677
14525,DB21678
14526,DB21679
14527,DB21680
14528,DB21681
14529,DB21682
14530,DB21683
14531,DB21684
14532,DB21685
14533,DB21686
14534,DB21687
14535,DB21688
14536,DB21689
14537,DB21690
14538,DB21691
14539,DB21692
14540,DB21693
14541,DB21694
14542,DB21695
14543,DB21696
14544,DB21697
14545,DB21698
14546,DB21699
14547,DB21700
14548,DB21701
14549,DB21702
14550,DB21703
14551,DB21704
14552,DB21705
14553,DB21706
14554,DB21707
14555,DB21708
14556,DB21709
14557,DB21710
14558,DB21711
14559,DB21712
14560,DB21713
14561,DB21714
14562,DB21715
14563,DB21716
14564,DB21717
14565,DB21718
14566,DB21719
14567,DB21720
14568,DB21721
14569,DB21722
14570,DB21723
14571,DB21724
14572,DB21725
14573,DB21726
14574,DB21727
14575,DB21728
14576,DB21729
14577,DB21730
14578,DB21731
14579,DB21732
14580,DB21733
14581,DB21734
14582,DB21735
14583,DB21736
14584,DB21737
14585,DB21738
14586,DB21739
14587,DB21740
14588,DB21741
14589,DB21742
14590,DB21743
14591,DB21744
14592,DB21746
14593,DB21747
14594,DB21748
14595,DB21749
14596,DB21752
14597,DB21759
14598,DB21760
14599,DB21769
14600,DB21772
14601,DB21811
14602,DB23606
14603,DB23607
14604,DB23608
14605,DB23609
14606,DB28386
14607,DB30552
14608,DB31698
14609,DB31699
14610,DB31734
14611,DB31834
14612,DB32040
14613,DB32041
14614,DB32272
